place_id,neighborhood,value
ChIJhYJfjL31NIgR3phOvhgBNEs,Sheraden,27.30899698724359
ChIJb1vGv1_2NIgRTz6RVpyC9Do,Oakwood,24.658105011022148
ChIJb1vGv1_2NIgRHMolqSfzEd4,Oakwood,24.53256798824559
ChIJX9Zv-Zz2NIgRuL5tXjwo8mU,Elliott,23.813299815057125
ChIJPUHlkVH3NIgRMwVmDx22dPM,Crafton Heights,25.67780710252429
ChIJFboKMAD0NIgR3_ajWICnKI0,North Shore,18.860977143112294
ChIJb1vGv1_2NIgRenmWzsqUhas,Oakwood,24.63879867343654
ChIJJ8cTqwX0NIgRX60PcZPX4Qk,Central Northside,20.809339753019515
ChIJ7WeBIaf1NIgRUhUutFl8HT4,Brighton Heights,28.052747179630874
ChIJZ9HVIeX3NIgR-RdDK-aoOsM,West End,22.269135600615108
ChIJCZt9jGr0NIgRnHFkByewW6g,Marshall-Shadeland,24.99334628137932
ChIJ9a5DwUXxNIgRC6-yEQyMP8U,Mount Washington,18.58334876357313
ChIJNeHKtlTxNIgRckF-LWyvV9o,Downtown,17.772904390219814
ChIJz9L393j1NIgRCTArZ4XFi04,Perry South,27.949973921168095
ChIJW6W5FfzzNIgRi6lgJLW8Aho,North Shore,17.618065318120564
ChIJA7LQoAnxNIgRgz6A5pCAn5Y,Downtown,15.986535670295105
ChIJ5z5YBGzzNIgRu-3O-CYgRE8,East Allegheny,23.130237637065452
ChIJe4jpY2fxNIgRn_6d_xowFCY,Crawford-Roberts,17.113899394369877
ChIJ1_J7HkrxNIgRfXm2Q5-nXq8,Downtown,15.512054969914148
ChIJq6pqogL0NIgRHpeb1YPLYew,Chateau,20.096601709907947
ChIJ11rR6lfxNIgR03gTMwov9Cw,Downtown,16.318790099270416
ChIJx0xROVHxNIgRrOWSgKOkKQg,Downtown,16.4751351676293
ChIJA6GHZ8LzNIgRlmHwal0mXe4,Strip District,19.02247817055253
ChIJ1ap81jr3NIgRcMa0_B2Xiks,Brookline,25.394568482728474
ChIJb16-F93zNIgRHTza1dKHLho,Strip District,21.324356071413035
ChIJp9joIIzxNIgRDJd61ntI7Tg,Downtown,16.758807540782794
ChIJj9KN2XTzNIgRcQ9pa7ipKc4,East Allegheny,20.58949124114136
ChIJ65fOYW7xNIgRysm3Bt-J0tc,South Side Flats,15.59576545293747
ChIJK8_lkybyNIgR43zvp69dapA,North Oakland,28.66218708617953
ChIJbarnmffzNIgRTTHTIIPolZg,Central Northside,19.916276039046984
ChIJbYHoGSvyNIgRMM_kAcafwn0,North Oakland,24.386454193034723
ChIJzcfPD0LxNIgRtxMnMJi_aes,South Side Flats,17.17643557474707
ChIJU_bticTzNIgRITfeUtt1V5w,Strip District,24.300839336485627
ChIJ1Rs45933NIgRw9lKs0mGS0o,Fairywood,30.58285533495011
ChIJb1vGv1_2NIgRIDgpsjE9d3Q,Oakwood,24.57926121488069
ChIJsRlsnIr2NIgRhMWMKrdRWY4,Westwood,24.470606521039056
ChIJ7Qg5r9b1NIgRsfDQeFiPDQ0,Sheraden,28.493885121014724
ChIJX3TbmQT0NIgRjXCvau84uyM,Allegheny-West,20.795215648255063
ChIJVZKH5vDzNIgRtHfQm2LeeOE,East Allegheny,21.268010339418858
ChIJQ-R_o2n0NIgRDT40vwLXim8,Marshall-Shadeland,27.058017392315673
ChIJoYdANg_0NIgRPb8Dh39XL-Y,Central Northside,20.839504063639133
ChIJWdR2eVbxNIgRzpdEhWgxgmE,Downtown,16.97632766404608
ChIJr9-tVFfxNIgRUSGsRKuY5Bg,Downtown,16.127034306739944
ChIJMxT6nlPxNIgRFeNI5VxIRTk,Downtown,17.156997123232188
ChIJ0TrRNxXzNIgRAhNJBe7AZ0U,Strip District,15.770326432057411
ChIJ0QkVm4X1NIgRi5kgmNwBiIM,Allegheny Center,19.54860440737472
ChIJZXcN1HnzNIgR6bUI8nL1uV8,Central Northside,19.708462163031637
ChIJXd7742n3NIgRq9G16_xA6uI,Elliott,23.900391222055816
ChIJp7J-MaL1NIgRYr9GHwUs5Ls,Manchester,21.36631913007743
ChIJX5GVBIL1NIgRykfo3j2bR_Q,Chateau,21.060010685237117
ChIJi4fvJZb2NIgRn4e39Wyovvc,West End,21.019401972704856
ChIJaa78xV70NIgR2lYFoRs3cyU,Brighton Heights,32.67857007761819
ChIJLwV565z2NIgRIRvVCDCb7WI,Elliott,23.894822425024724
ChIJqTRpZFr0NIgRfB8sXNIOp3o,Brighton Heights,29.301841720731012
ChIJy5jq0TjxNIgRcTz4JoBNDgo,Allentown,18.817257917010483
ChIJb1vGv1_2NIgRSBcItOk_ru0,Oakwood,24.588011254235035
ChIJJZ5vVPX2NIgRSxdM1T5midk,Westwood,24.278571393559062
ChIJlRGtqor2NIgROYUiwpdjbGg,Westwood,24.347186305046865
ChIJ_8x4WV72NIgRdHZtt9X8GVU,Oakwood,24.805479223580836
ChIJt_Ur43L3NIgRacyHl8fofXc,Crafton Heights,25.939508164170363
ChIJu3SaTPX2NIgR74g_OkXoxZ0,Westwood,24.157795336218044
ChIJD2S7oJf2NIgRlyHw08SanEo,West End,21.719939938704186
ChIJOQEpVtn2NIgRYSWgTW5Jheg,Beechview,22.82434814489954
ChIJ07YvcLH2NIgRYuOrEBUNga0,Mount Washington,18.45197063359997
ChIJO_NPgjr3NIgRsh37RlCnxCg,Brookline,25.55491854815157
ChIJS2LvJBXxNIgRrTEEM5y0G4g,South Side Slopes,18.180940629118318
ChIJj3vuFwX3NIgRb1BDekR9gfQ,Banksville,26.141302283164617
ChIJNToRgcX1NIgR-GSNMKCtX1Y,Allegheny-West,20.74199721786711
ChIJz1P8hZz2NIgRRuLBP_kT7FA,Elliott,23.677304352204118
ChIJt62jMx30NIgRibh1mXpcjig,Chateau,22.14305437267674
ChIJnTohch30NIgR3yhnVJ8oJJc,Chateau,21.10598413406735
ChIJBST-0Jj2NIgRuZY91BqYQY0,West End,22.315432468892546
ChIJPz5dmKX2NIgRgcESndEXxLQ,Duquesne Heights,19.80946397668457
ChIJbdz5ZEv1NIgRB59fHPt9DgA,Chateau,21.111785959577553
ChIJ-QhLYVbxNIgR7Hk4Ca0Qesc,Downtown,16.836488009342325
ChIJixr3YwL0NIgRIM-xM8ZFYFE,North Shore,19.971562420841703
ChIJd7igQwT0NIgRioSao7dLIBc,Allegheny-West,20.503697634120982
ChIJQWJcZ0vxNIgR4EY0p31x-BU,Mount Washington,18.478613544670363
ChIJKcgUmvfzNIgRBLShl8PA9U8,Central Northside,19.86723828152763
ChIJrU-zYQT0NIgRDOEgCd7HCKk,Allegheny-West,20.63412173611436
ChIJje1fLV3zNIgRPJ7_uwJbcxI,North Shore,17.903741057649967
ChIJxTDgjgT0NIgRewoOyzRCUxE,Allegheny-West,20.6799236618195
ChIJe02f2ln0NIgRuSKZiAt1vyg,Brighton Heights,32.09563621632931
ChIJ61FkY1r0NIgRII7jzrAhpqM,Brighton Heights,29.476581801002155
ChIJNcn3HWj0NIgRSw7-siX98oE,Brighton Heights,28.46544425060163
ChIJDYClFV71NIgRhvMb_CtJ2L4,Perry North,35.51806129235751
ChIJHWATNfDzNIgRDHPJXMN4wFw,East Allegheny,21.8477879238438
ChIJm-T3ZwT0NIgRXhIHSZHyBB0,Allegheny-West,20.548841873120452
ChIJhxsVUjH1NIgRNfLs1waTrkc,Manchester,23.38404205752802
ChIJDS_4ZA_0NIgRm4werE0wkBo,California-Kirkbride,20.9899745092253
ChIJbXv84wX0NIgRocFxXgoWztk,Central Northside,20.546006916701447
ChIJaZkHl_f1NIgRDo8-Ih0S-68,Central Northside,21.0898210671126
ChIJV-WNXQT0NIgRIlshvd0VSxE,Allegheny-West,20.594145046032644
ChIJjwuJs67zNIgRf-pZyHcOnq0,Central Northside,20.019066519666175
ChIJ-2C3sPfzNIgRpVpqW11Hncs,East Allegheny,19.36848211051599
ChIJR4nVEVbxNIgRbbtd9j788xU,Downtown,17.071680326656185
ChIJ35Bl9PjzNIgRTIhia8PVFEY,Allegheny Center,18.375269068364226
ChIJGRG_kPrzNIgRJRT0EjM9vSI,East Allegheny,19.726136306610293
ChIJp2EIZfDzNIgRq-iQ1IuOs3Y,East Allegheny,20.689847274157255
ChIJZapX9vjzNIgRSu7rbfVfChA,Allegheny Center,18.619930591032926
ChIJ09EneFjxNIgRypwsHoGxIE8,Downtown,15.826466244671726
ChIJTySFk8PzNIgR9oYnssqat_A,Central Northside,20.479289792028602
ChIJl6nD-7HzNIgRcECP9TxqAgI,Allegheny Center,18.619930591032926
ChIJL9Eeh873NIgR2hDDPRrp9eQ,West End,21.71571249549791
ChIJT3VNbcL2NIgRJhpHdjLRND0,Banksville,21.597983486009827
ChIJa_26Rt32NIgR_dkqGwuJicE,Banksville,22.123782886527714
ChIJC2lwoS73NIgRD03ZeaPgShI,Duquesne Heights,19.387145457453116
ChIJi3B3Jdn2NIgRIBfXm2xDBdU,Beechview,23.163799293161354
ChIJwW2TOhvxNIgRjQgQNnvtL1g,Mount Washington,18.154038492194285
ChIJuWIkXnf3NIgRTkga-T2a3OU,Beechview,22.914621156498722
ChIJsZMZQkvxNIgRTT3U6FiRBx4,Mount Washington,18.541807255140164
ChIJNeGZU0rxNIgRF4szdKzPtMI,Mount Washington,18.79004331798632
ChIJs2Jlv1bxNIgR1BjwPx-efhY,Downtown,16.558152616367376
ChIJocY703XxNIgRA9d4UXqFr3Y,South Side Flats,17.080750092443253
ChIJEX3InVbxNIgR7Ks0egVltU0,Downtown,16.819899281477504
ChIJx5zxCnHxNIgRPH6fkywaXag,South Side Flats,16.15300630762949
ChIJp-Y2qlr3NIgRnaDZ8mfO25w,Beechview,23.0028504514015
ChIJVVUibMvzNIgRVZ1yKw3j6MI,Polish Hill,29.324894216579573
ChIJe3ympVbxNIgRq2bl_i37GQA,Downtown,16.60997759862013
ChIJw15qL3TxNIgR1-JYqkctWxo,South Side Flats,16.899575333492706
ChIJ9buawkvyNIgRtuSs0OqiK6I,Lower Lawrenceville,34.69319584171843
ChIJJdPcGIrzNIgR4he_3_nQQxM,Strip District,21.546273947734615
ChIJT1r2IFj3NIgRrJ8iwasf9HE,Beechview,22.91069784858653
ChIJ9xkce932NIgRSiyVq84hrKY,Banksville,22.58290811865987
ChIJP26l3tzzNIgRyle3s1NMfac,Beechview,24.215286091825508
ChIJUTCorzr3NIgRufBFZYqcUZU,Beechview,23.02404682784985
ChIJV5T8ZFj3NIgRwPq8B4iUjYQ,Banksville,21.7726390808725
ChIJ4122GCj3NIgR4EygOp9VQyw,Brookline,23.423871327372094
ChIJ9R6o7hz3NIgRoXHX6b9F_yI,Banksville,25.099565021798412
ChIJscaPKe_xNIgR2QpQkr3O8h8,South Shore,17.50602487893484
ChIJt1-O1Tr3NIgRuWJRAaD-mmc,Brookline,25.383044910912346
ChIJXTWUdlX3NIgRLsxLV-6novE,Beechview,24.198047424255208
ChIJv-X66E3xNIgR4rFcM-iZBxQ,South Shore,17.49047724638359
ChIJsb73t8v3NIgRXRpXRGzmj0U,Banksville,25.48953718815641
ChIJq8aTMiD3NIgRhl34BM3M62I,Beechview,24.403874602259336
ChIJnxGpywT3NIgR8_qyfVf3EM4,Banksville,25.75434063818829
ChIJsf3U_i7xNIgRxQxY564cOZI,Downtown,16.363695721705714
ChIJRVKiym7xNIgRPlAkUzhu6q4,South Side Flats,16.72967349232679
ChIJfQnDg-LzNIgRW_Yv4dBCzIc,Central Oakland,24.862426161918453
ChIJeSJPCur3NIgRG2JwDtlfD3s,Beechview,24.169497810019546
ChIJAUeyl8f3NIgRTwaDXz1HcGs,Brookline,25.411031671360085
ChIJPVFI4jD3NIgR5Jo9EvY00m8,Brookline,25.607060304273073
ChIJ1Vd4DgX3NIgRFCXOWfWXvOw,Banksville,25.922893242274583
ChIJ7UXxRAP0NIgRnHHdP7MB1zY,Chateau,20.759217540477092
ChIJ59EdawP0NIgRRbOjAheTl7U,Chateau,20.673697184359874
ChIJ0wO9t0b0NIgR1aZ3xP_Knco,Marshall-Shadeland,26.581992223221633
ChIJb6K0JAT0NIgRDyAPYKZrgVw,Allegheny-West,20.352108185129385
ChIJk17kWQL0NIgRMkFV0rbi3l0,North Shore,20.08773741297589
ChIJM_ImXwP0NIgRgEEMEoJeE9c,Chateau,20.84723058766241
ChIJBRq4_cX1NIgR_V4__5IL_-Q,Allegheny-West,20.594145046032644
ChIJ2_KpOwL0NIgRlwzYNY03vzI,North Shore,19.756222747704104
ChIJezxPEXzzNIgRRVigvGgRNHQ,North Shore,17.850191643903457
ChIJI2q7FAL0NIgRUoBKaGaPw3A,North Shore,19.787316125477123
ChIJg888LAD0NIgRv6CEQUat1uc,North Shore,18.861471563958904
ChIJkzZRclbxNIgRVOheuNrywO8,Downtown,16.995724350891415
ChIJHaLGRefzNIgRf_UaVEuRZtE,Downtown,16.954481461496183
ChIJK5NZfKLzNIgR6G1JvYJpRLw,Central Northside,19.463605764872128
ChIJU-E_KhvzNIgRfi53Eoj79i8,East Allegheny,19.69240954645035
ChIJ4ws4DVbxNIgRfdiGwIuzWB4,Downtown,17.02033392176158
ChIJ90_BBVbxNIgRMNH1vKBRHmc,Downtown,17.00120161713961
ChIJeXU5zVnxNIgR3UQGKB03IE8,Downtown,15.768361984179252
ChIJ4SPCK1HxNIgR1cH9Pmy4gFI,Downtown,16.58989049857925
ChIJReLa5-_zNIgRj2_pLh7ZKpQ,East Allegheny,21.27762263311905
ChIJsy6SvvfzNIgRTl_IG4-Rel8,Central Northside,20.10233806040358
ChIJxw4q8gP0NIgRe9Z24doswug,Allegheny-West,20.12886496899808
ChIJt1OJZVbxNIgRby17EsOaQl8,Downtown,16.879226514837914
ChIJ9y_Onk3yNIgRg1Zzijr0ge4,Central Lawrenceville,34.75867582702633
ChIJQaqAlUzxNIgRhBrec58hGCM,Mount Washington,18.168369191979703
ChIJYT9vcx30NIgRcIAOt5Q9ngM,Chateau,21.038681200741813
ChIJYwQ1VljxNIgRQTy1kUgaT0E,Downtown,15.552915916497707
ChIJN04B10nxNIgRJp6B4Afp9iI,West Oakland,23.99558766712832
ChIJ2YbrXVjxNIgRhCOLgZcNS4k,Downtown,15.554852330820484
ChIJS5rmxDr3NIgRUf_lWo0F_AU,Brookline,25.457618718932288
ChIJv_rbhDr3NIgRUBkvX7v9iiY,Brookline,25.535863783741657
ChIJr4Wg9TD3NIgR8jYspDUxnz8,Brookline,25.569913287342853
ChIJn-G15zD3NIgRr6pChHoTvvg,Brookline,25.68166080255827
ChIJQ9yvbpX3NIgRc042Rjs7NTk,Brookline,25.57730018236056
ChIJA05yFiD3NIgRgQjy44EeirI,Brookline,25.19608970300621
ChIJuXiLVh_3NIgR1gEbGJ7L4Ps,Beechview,24.84054760544535
ChIJzSivPST3NIgRi2_ge7NCRnM,Beechview,24.653394782485854
ChIJM0mc_tX3NIgRt5RrS_GeFIY,Brookline,25.649469476296225
ChIJXYG7tf73NIgRy-hEEhs2izg,Brookline,25.41217502243272
ChIJofC1eTD3NIgRdfPYN3H9CxI,Brookline,25.555019047181258
ChIJD-2ViDD3NIgRYov1UwTv3rg,Brookline,25.609331084131497
ChIJ3ejbFb_zNIgRbaGSDkFD6Jw,Troy Hill,29.888417534745415
ChIJQXXnMXXzNIgRfNk6_IE9l7g,Troy Hill,31.43111980801684
ChIJ81YsC1LyNIgRRnRiwcOybnk,Central Lawrenceville,34.78181156551936
ChIJm-4CqZzzNIgR7EX7MH7PMTg,Lower Lawrenceville,34.70312617599788
ChIJ41sM7mjzNIgRgxftFyYQwM0,Garfield,35.022343092588216
ChIJnUb3DUzzNIgRZorWWibf-lI,Strip District,25.019312379546296
ChIJw5DqBxHyNIgRFODaRgikWLg,Shadyside,35.6151597539602
ChIJ-6roCurzNIgRjTcSLTAsu9Y,Troy Hill,26.060630492909677
ChIJx_dVIsHzNIgRVOx-Y_MMsvQ,East Allegheny,19.475860983592597
ChIJyYvQIvzzNIgRxWHi73BFA8U,Central Northside,20.097593917522232
ChIJWc78NOLzNIgRcQKCaa4pSCU,Strip District,16.04444452426297
ChIJpc-qDFjxNIgRSxroybLDy4s,Downtown,15.94014754690361
ChIJZddMBN3zNIgRJiPR3CQJf-w,Strip District,20.93642964725702
ChIJ1QoHqfrzNIgRXO5PEaJO_vs,East Allegheny,20.304428843336634
ChIJQcMWoeLzNIgRHz4LnivIm98,Downtown,15.996923333081233
ChIJA8jyCVjxNIgRaTBDzIS-Fvg,Downtown,16.059292210978597
ChIJrwpSeeLzNIgRbnjwmHTf43k,Downtown,15.638092610696905
ChIJaxLB3NzzNIgRc7BqXp2MCR4,Strip District,21.24618183906184
ChIJMUZha1nzNIgRuii2YvwHVEE,Strip District,20.818165394992732
ChIJddZ3-lTxNIgRh9LKI1XZ1kY,Downtown,17.530972630432508
ChIJa7HnU_7zNIgRWgV7Uen_R4M,North Shore,18.102854059769253
ChIJvfMuIwD0NIgR_OKU1NP3Exw,North Shore,18.821867369193193
ChIJw7NZi__zNIgRwcp5kxJAErk,North Shore,18.40558058708082
ChIJRQEFlf7zNIgRZxLBLf1DxmA,North Shore,17.976178766070298
ChIJWWjFalTxNIgRZEwdzBj_toI,Downtown,17.120353066099913
ChIJc7hNuRj1NIgRDSy7LYfY3bI,North Shore,18.815624032068687
ChIJrd_MPQD0NIgRaQcAurQ7VPk,North Shore,18.953247756331745
ChIJp1tqyuvxNIgROzXlw3OKjeA,Downtown,16.870097777941854
ChIJSe13JrnxNIgRyRAtLq7DTp0,Downtown,17.35476989671352
ChIJa_ZAqf_zNIgRKc3voIHKeuM,North Shore,17.79575812823101
ChIJ__6MLQD0NIgR7tpx9fGzBjQ,North Shore,18.92590282194074
ChIJDQkHmlPxNIgR-RYTgv_3ExM,Downtown,16.898794134941213
ChIJLRZdz1bxNIgRliKBNNMrj_E,Downtown,16.533557685994133
ChIJJZ51f1bxNIgRI-T-G9szLw8,Downtown,16.593859445438635
ChIJMZ8fmvfzNIgRqO6p4m40WIw,Central Northside,19.890352292797616
ChIJYWwmlFbxNIgRyjrXVFPWaOU,Downtown,16.66466899715301
ChIJUQ8c81bxNIgRnioofxjN84M,Downtown,16.65212066261162
ChIJD_J0PCrxNIgROmvTjJtU6kE,Downtown,16.541474900457057
ChIJ8-GimDjxNIgRlApecn2qzWA,Downtown,17.152909264686173
ChIJLbPZlVbxNIgRUiWtcqhZS7k,Downtown,16.82884429307272
ChIJG461q1fxNIgRnD8-ZYNshCY,Downtown,16.435499314296166
ChIJfUvFfeLzNIgRJJG8TAOKGd8,Downtown,15.645700230062605
ChIJQ2ym507xNIgR7Un3eltN1Yk,South Oakland,19.504307131722122
ChIJnU-ekU3xNIgR8qOJqcNzFuw,South Shore,17.491347260450954
ChIJ62Pn2n33NIgRrYZKBe7etvk,Mount Washington,18.31548072484661
ChIJjcVAx03xNIgRSaYa9eOR2w4,South Shore,17.539995474176678
ChIJ3VDw7E7xNIgRUv1mm2F058s,South Shore,17.492880098812893
ChIJ28OHmk3xNIgRqZ-UsFZhcyY,South Shore,17.47228329084021
ChIJ2UjFe03xNIgRXZtF7LtXxG4,South Shore,17.547123492819257
ChIJPxm6vcfxNIgRojt2mErBxbY,South Shore,17.59956071330931
ChIJncbtvEzxNIgRtSOWudAmLC4,Mount Washington,18.263187319217387
ChIJ97bZIDvxNIgRldtplCLSAPI,Mount Washington,18.2035368961566
ChIJK0Gg3U3xNIgR91MmvokkqIE,South Shore,17.51932739953125
ChIJm2qSLZTxNIgR5kVTyhhdUug,Downtown,16.683772487482127
ChIJ-VSo4lDxNIgR5Um8EhNVwxI,Downtown,16.571650022560583
ChIJD6AqwRbxNIgRxgnRCFCakqw,Mount Washington,18.41976161745194
ChIJ2RRre0vxNIgRuxbJ4vUVihI,Mount Washington,18.4160808788545
ChIJlSvOwErxNIgR5OhwkzwKGwk,Mount Washington,19.037614216658124
ChIJPy82mmztNIgR7tCHRZTuVnc,Mount Washington,18.364444700390376
ChIJE59EiL_xNIgRXf3_akS30ws,Downtown,16.822155547788583
ChIJfc_Zu1bxNIgROLsTbfhJid0,Downtown,16.594601915817762
ChIJsZZF2lbxNIgRpdJqZpHqous,Downtown,16.366229324178743
ChIJSwaAUkrxNIgROMtq9x4yXuI,Mount Washington,18.744175409134
ChIJsbm8TObxNIgRwXwg-ldV4Hg,Mount Washington,18.333799642396112
ChIJCUPo71PxNIgRAtgoTa99NOA,Downtown,16.69661903239933
ChIJCUPo71PxNIgR0DN7_HDvu2o,Downtown,16.752754008403542
ChIJBbsKoFbxNIgRfZy_c4Gysew,Downtown,16.825173281951628
ChIJO1CPWlHxNIgRyejwmfRjHB4,Downtown,16.763103855378493
ChIJsW0CpVbxNIgRtyWHiG9FaQU,Downtown,16.675976146479204
ChIJUwZBnrbxNIgRwazqpmcSdnQ,Downtown,16.856398045701425
ChIJj8FQr1bxNIgRMi2X2oGQ9pY,Downtown,16.67014573145322
ChIJXXutnFbxNIgR7UUU81s_VKg,Downtown,16.824125965436437
ChIJgW-aDwvxNIgReJCD03Fe2LI,Downtown,16.758807540782794
ChIJHct_wFbxNIgRaO_h4WbplGk,Downtown,16.592325444461572
ChIJKYXik1bxNIgRbgJ_mtNfjoM,Downtown,16.695863427269163
ChIJofJwzFbxNIgRC57bGvzRYKE,Downtown,16.379964472716395
ChIJN-VSlFbxNIgR40s5WO41qgw,Downtown,16.649435610282424
ChIJlww-71bxNIgRztXdqne3Q6s,Downtown,16.57981981736362
ChIJi3bz5VrxNIgRkavQ5Zu528M,Downtown,16.579226918922984
ChIJ09FFvEzxNIgRcfAZqB7fJQQ,Mount Washington,18.228892239105868
ChIJB5KDhyP3NIgRGNuBqbSdhzA,Beechview,24.958639251005774
ChIJbxpRjNP2NIgRtmdSg1GSF3U,Brookline,22.004847801167553
ChIJr52bIdfwNIgROKgSIYc0acs,Carrick,23.06948167639828
ChIJ9X4UwTr3NIgRvcIUkP2SQ6Q,Brookline,25.474931523259798
ChIJ23afgCP3NIgR7bEKy2YjJJY,Beechview,25.06665193955117
ChIJhxspC8bwNIgROEnnc8MsGvs,Carrick,24.82026746526581
ChIJY4oV6DjxNIgRmaNZyV7lqY8,Allentown,18.866491784566097
ChIJR1p9kFbyNIgRDZ210Bg9nvk,Central Lawrenceville,34.93086571072916
ChIJV79ZZlHyNIgRA3nFHpLybEU,Central Lawrenceville,34.85391897636127
ChIJDxKskE3yNIgRZVoDJ9pI2OE,Central Lawrenceville,34.75945994998808
ChIJ1a5WTUbyNIgRjZqErFhIgMQ,Bloomfield,34.93700672258196
ChIJrYigp_fyNIgRIWG-ie1s0kI,Lawrenceville,35.0166702301288
ChIJFWbwNU_yNIgRFCEuSZi60Es,Bloomfield,34.79382979859569
ChIJTQPE-rTzNIgRoMiCLq3FCBs,Lower Lawrenceville,32.97729626822716
ChIJUWs5GN3zNIgRPZqcckSz0q4,Strip District,21.283625367726426
ChIJBz2zA7XzNIgRZbcBa1o8x_c,Lower Lawrenceville,32.544282496234636
ChIJ8zAcVLPzNIgRhsHbKaVgfnM,Lower Lawrenceville,34.69080572867833
ChIJbTN0U7PzNIgRbg-WVM1LlSU,Lower Lawrenceville,34.68934564080957
ChIJdfRhi03yNIgRi_2aR5XCEWU,Central Lawrenceville,34.772886248064935
ChIJOYR7bvrzNIgRU3s9yPaP8Pg,East Allegheny,19.196111689737076
ChIJ0axKmvfzNIgRdOPqQczWrDs,Central Northside,19.837987448782584
ChIJg3MvBfvzNIgRBRpa3nA5RfY,East Allegheny,18.309273107991956
ChIJ8_mSHvzzNIgRgXf7fVX2PTM,North Shore,17.72680944993823
ChIJ41z6CN3zNIgR_ECPHXVS9Nc,Strip District,20.72055820320913
ChIJrSNnoeLzNIgRXD5Z5bgDx6U,Downtown,16.106224227484795
ChIJv2DWlv7zNIgRTTz0tEVx4Ok,North Shore,17.836962178986816
ChIJs2c8p1nxNIgR86FIs2IuGqc,Downtown,15.629672941783898
ChIJGfCWEFfxNIgRKdud4avVJZk,Downtown,16.283555037274485
ChIJ5a71UVbxNIgR_fJVD9BCDHo,Downtown,16.654669701097887
ChIJa5piL1jxNIgRHlJLyZ0aFUY,Downtown,15.88428400636673
ChIJVVUVbFfxNIgR7c7mF2aGn0Q,Downtown,16.013959464337596
ChIJAQCw1FfxNIgR8gdJyIh-4fM,Downtown,16.722968237380073
ChIJm3zjGljxNIgRNMxVoo4hgQo,Downtown,16.064846055564924
ChIJdVAc-9rzNIgR3tlczynQE98,Downtown,15.914402029352722
ChIJbYs7u27xNIgR9Bj9SpqyYwY,Downtown,16.93782760010163
ChIJZ0VnWfTxNIgRzwmWRLP4sy4,Downtown,16.52305481994418
ChIJ47M0F1jxNIgRBCssOalS4ck,Downtown,16.387559713024785
ChIJSVQ4lcfxNIgRO6wvcKZLAQI,Downtown,16.258894253113215
ChIJLe2gNljxNIgRyIt5PgU3xtk,Downtown,15.70274928656163
ChIJ1QL2R1bxNIgR3zR9Fz4lorg,Downtown,16.763858565435722
ChIJue7G_FfxNIgR3YWf7Tdt2aY,Downtown,16.32500682683238
ChIJoaEBy7LxNIgRW6AehuboyTg,Downtown,16.857524202835396
ChIJG6g-slDxNIgR2g4PV1mDO8I,Downtown,16.21805277500291
ChIJMwNf-k3xNIgRKJcrlH1YVqQ,Downtown,16.233860849815695
ChIJr_gB_1DxNIgRCr0YYUObyHE,Downtown,16.652757455277182
ChIJq6rq5FnxNIgRP_IpsWEb7ac,Downtown,15.92486355647004
ChIJbWn2y1DxNIgR1w7n95vU5j0,Downtown,16.227106160058067
ChIJbUeFn1DxNIgRNsB4lETrxQ0,Downtown,16.354520357139506
ChIJ_WoVTvLxNIgRl_aBTlrZpHs,Downtown,16.99031718048665
ChIJwz1LyVbxNIgRV4OR92L-fKw,Downtown,16.364173185319167
ChIJZ3vhFKPxNIgRSUQGsPjO7_Q,Downtown,16.67942223307963
ChIJgVzfkprxNIgRPyQGLv0LJ78,Downtown,16.68944416626977
ChIJr5_PwVnxNIgRW6wYCkEkfv0,Downtown,15.829987726229843
ChIJ3WOGtlnxNIgRDcTKCXS0GOw,Downtown,15.65424391262722
ChIJo5IOulDxNIgRCjQSyJviOTM,Downtown,16.270322575828896
ChIJHeyUo-LzNIgR1FphGl0EYGo,Downtown,16.043455288619445
ChIJaaV-6NzzNIgRronh-wKb0Kw,Strip District,21.56468309851772
ChIJkTpzVVjxNIgRLn0Nwuexkxw,Uptown,16.084943860293063
ChIJn6HNhN3zNIgRzL37A1e_8Pg,Strip District,20.112019479563436
ChIJMYlAHN3zNIgRSTPlPwIwyzg,Strip District,21.19602584630973
ChIJSZ0k9kXxNIgRgxF44U8rvBM,South Side Slopes,17.741528246577193
ChIJbUeFn1DxNIgRb6LHmi3H2zE,Downtown,16.39860469976637
ChIJIQEzxDjxNIgRJm65XjBjXsA,Allentown,18.76476236833335
ChIJTV6FuofxNIgRnxnw7JRHYCs,Downtown,16.560240470963674
ChIJuxAlNFHxNIgR4kI1EDAKexg,Downtown,16.36229131797961
ChIJi43421bxNIgRNnTCIKWZxi8,Downtown,16.386376627315805
ChIJ73N-3lDxNIgRUzUPEX1E2-A,Downtown,16.661115810628992
ChIJJ1RKHFHxNIgRpVIPCvW5ZIs,Downtown,16.56017379409405
ChIJ6XpPWDvxNIgRy_iCBCIKULs,Downtown,16.34178520648844
ChIJi_tCb1rxNIgRpCJk0phr6Hk,Downtown,16.37886719910652
ChIJo1_OeVrxNIgRBzYzhDgFDUs,Downtown,16.44592872007623
ChIJpbLpKfDxNIgR13yY0Fj4pjk,Downtown,15.96602816675733
ChIJy8kvq17xNIgRh6cfPc53b3g,Uptown,15.803366988319413
ChIJtXxPKjrxNIgRq5eY7Y0jNpk,Downtown,16.022552725501644
ChIJP0u4k-HxNIgRpuycPjn19k8,South Side Flats,17.656207900842954
ChIJO1CPWlHxNIgR-qYYdSPvOPU,Downtown,16.68188177356515
ChIJw-nExTjxNIgRxv_bo1Oofp4,Allentown,18.775943393456753
ChIJV0iQSDjxNIgRzGYFE9hqmpQ,Allentown,18.98836075453827
ChIJwVp98DjxNIgRXUNgcwCduIk,Allentown,18.902560990838676
ChIJz-V3hvrzNIgRnEmbGkha4AE,South Side Slopes,17.693708795474272
ChIJUcZs5GnxNIgRDlz3mm9blf8,South Side Flats,17.114709760139387
ChIJjxOdCELxNIgREF2hytDWW6w,South Side Flats,17.190582086814832
ChIJe1ws7mnxNIgRO0liAjIzxa0,South Side Flats,17.089286828888962
ChIJA8Cr32vxNIgRTtKdJVxfpH8,South Side Flats,17.09230984073643
ChIJQ4EHnmnxNIgRga05PiZw2jk,South Side Flats,16.987445052415516
ChIJaTTi3hXxNIgRB4gYqFZVmWU,South Side Flats,16.811562982125448
ChIJd-vid9vxNIgRMVnwpRrgj6g,Allentown,18.89711095927828
ChIJb2a-1drxNIgR6frl-1OAOyI,South Side Flats,17.368977912752513
ChIJVUk52SDxNIgRYxrLC7R4pIs,Carrick,21.44781055874184
ChIJ828bGiPxNIgR0SR1tTIcUbs,Knoxville,20.36977313477029
ChIJ0fRwkm7xNIgR4aK-gr_V2RY,South Side Flats,16.20362557495592
ChIJX9isi27xNIgRWY6b4OmCnQY,South Side Flats,16.00989570500741
ChIJFS5dgnbxNIgRsl0CMLInqOI,South Side Flats,17.036780783964517
ChIJgzGA2snzNIgR59oa3k5YAL4,South Side Flats,16.76058522458475
ChIJu8_ZdWnxNIgR8N1ozNLZCRY,South Side Flats,16.977862423134944
ChIJR-aD_lzxNIgRSD7XXZLNgY8,Mount Oliver,19.635533830378165
ChIJW_6TiQT0NIgRg7tUbgG1dKM,South Side Flats,16.39957040491525
ChIJPQBa7mnxNIgRrZuzs6OPCuc,South Side Flats,17.110231513002574
ChIJiRQnssLwNIgR1tRZcU51tks,Carrick,23.524177146554152
ChIJcWRRYMXwNIgRPVKPEUEB2Cg,Overbrook,24.24844272856966
ChIJ55ZDhCDxNIgR_psxm9MMqZw,Carrick,22.36648764777494
ChIJvXzHpsLwNIgR2sPrq8hj4bs,Carrick,23.5809841777516
ChIJPX3HpsLwNIgR7_u605fuHUY,Carrick,23.68386980172717
ChIJ_1b4IbjwNIgRjYRAhKZ1wTY,Overbrook,25.96918953521626
ChIJ0Tm13OvwNIgRd6Cyi2zNqzY,Carrick,24.188819854296806
ChIJowOx8_TxNIgRcQXbjaDQvo0,Hazelwood,19.160716788021247
ChIJ8VB-Df_xNIgRa-D5onRVEdU,Squirrel Hill South,33.78862907015709
ChIJvcPoEB_yNIgR-TeMN1nZJgg,Squirrel Hill North,30.768952181877914
ChIJmUD-Tg_yNIgRjX-pVSnbHHA,Squirrel Hill North,35.871840937561515
ChIJwaWqIiTyNIgRTdPU35k894M,North Oakland,29.57303767850248
ChIJPdv8abnwNIgRa5VzInjhU88,Carrick,26.108573715979755
ChIJC_YhYcDzNIgRVzMjLFx3HZ8,Troy Hill,28.08134851973193
ChIJJe_uOcDzNIgR8YLaMjdCm2g,Troy Hill,27.381285993193195
ChIJiRi3FsPzNIgR5toi1zAe7_M,Strip District,23.32079285173598
ChIJLRHyqyrzNIgRg1E9MSopuwM,Strip District,28.2505402941124
ChIJR8TLzHzzNIgReN19aeZvS6k,Strip District,23.04985692863243
ChIJR-ud98TzNIgREwnaG2ksz6k,Strip District,24.46823021230462
ChIJs4HYnE_zNIgRoYZtaOT_RTM,Strip District,24.51014126770898
ChIJoWlLstzzNIgRDds3XRCI9mk,Strip District,22.374680150662726
ChIJrVe4FsPzNIgRaWOwAtTRFbM,Strip District,23.38554570712767
ChIJoViZxtzzNIgR--aU6Fhglr4,Strip District,21.882661808959224
ChIJOZR61MDzNIgRsoLC_sqy2Os,Strip District,25.019312379546296
ChIJ4SrQ-rTzNIgRBCWal8EzERk,Lower Lawrenceville,33.07127763941524
ChIJF93Zb9HzNIgRaXsPqpc12X4,Middle Hill,23.779692438686617
ChIJE4Rn39zzNIgReCoU59ojZys,Strip District,21.6228229639094
ChIJ32HHK-7zNIgR2F3P1Ze_Veo,Strip District,24.208152839011085
ChIJubqwEWHtNIgRtWvOBB7IOkk,Strip District,20.675246334337533
ChIJ5UoaTrPzNIgR67C6D3W0d-M,Lower Lawrenceville,34.6986410733201
ChIJZSp_uMXzNIgRfjYvmWaoQis,Strip District,25.534498357438515
ChIJlSQhw9zzNIgRulyV3c9lAFY,Strip District,21.69152993102744
ChIJp6IO5NzzNIgRrBFr-HBNTP0,Strip District,21.3396583566222
ChIJj_TW6dzzNIgR-ibsuSNRjGE,Strip District,21.55739213001805
ChIJ7xNwnN3zNIgRKFNb1CKtMbU,Strip District,20.248317725465824
ChIJ4UfTPd3zNIgR34mdMng6L5A,Strip District,21.681109190242992
ChIJX86zgOLzNIgRLAZcZrqlxGM,Downtown,15.730471437299881
ChIJkeH5HDDxNIgRIVYWkBVWnIA,Uptown,15.627135596467372
ChIJq3phq17xNIgRucm5U8KKeBw,Downtown,15.750568949678183
ChIJHxjv8F7xNIgRhDVc5_DVaDQ,Downtown,15.385995952821482
ChIJXZF5KTDyNIgR5hj8iNmdfOA,Downtown,15.282944578798363
ChIJd14Rc17xNIgRMq985izx13w,Uptown,15.545713895584006
ChIJQVSrW-zxNIgRcGkeWKriZio,Downtown,16.194551148149294
ChIJ3wKdPGnxNIgRiJtL1pd8CF8,South Side Flats,16.731345910094355
ChIJLQtjK7PxNIgR5YlDhRrYYo8,Uptown,15.782699333488788
ChIJg1Gg6P_xNIgRRNlkdMt6ZPY,Uptown,15.620866524211811
ChIJTZLQxGDxNIgRHeH4OnpKHTQ,Crawford-Roberts,15.370022948379889
ChIJ6TMXpl7xNIgR4-vh9b4eCeg,Uptown,15.746511765048044
ChIJF7esbWnxNIgR1m6Ch1_sDic,South Side Flats,16.875135525822714
ChIJUfzmm2nxNIgRmaf5sdOhKns,South Side Flats,16.99569946485489
ChIJb124KRvxNIgRtPTtULeDL9Y,South Side Flats,16.930739765048546
ChIJX0eblW7xNIgR_VvkZXA_YRQ,South Side Flats,16.540923910766168
ChIJHVYbynbxNIgRuQy3ve8SLac,South Side Flats,16.840651432252567
ChIJVV_6nJ_xNIgRSoAWAJqhnJI,South Side Flats,16.948622925538583
ChIJKbZvAhzxNIgRTYPC3TADwBE,South Side Flats,16.816823793346526
ChIJGd8THP3xNIgRjVDaUr8_mzs,South Side Flats,17.1093635970974
ChIJ-Qv-FjPxNIgRtnYGlH8BN7o,South Side Flats,16.73630578465795
ChIJ0f005GnxNIgR97iNHfJPwho,South Side Flats,17.088529183590577
ChIJv--DbWnxNIgRR7NSNMmRJOA,South Side Flats,16.926134535095592
ChIJKXoXk2nxNIgRGa8v_798ORA,South Side Flats,17.082382212643243
ChIJZfTzP2nxNIgRuAaYOtWmtWc,South Side Flats,16.82123483860938
ChIJD2K7dGnxNIgRzr9L22s5MRg,South Side Flats,16.90339102846288
ChIJdZjQx27xNIgROx5Oy5ORrK0,South Side Flats,16.69378608305222
ChIJRZ2ndmnxNIgR8ubLmtt-fhs,South Side Flats,16.954850373733354
ChIJ1YxkmmnxNIgRbGCperwJue4,South Side Flats,17.0172599041059
ChIJqd6KkGnxNIgRRAxQ-Cq5Has,South Side Flats,17.021314216606857
ChIJw0UXPDvxNIgRKbRr3ODSkC4,South Side Flats,16.26430355434651
ChIJizwqlW7xNIgRYil6lwmWaow,South Side Flats,16.532798475295163
ChIJZzOOvrDxNIgRg3CDDJJaEco,South Side Flats,15.235753017374872
ChIJZd0nQGnxNIgRVWIUfq3N0l0,South Side Flats,16.897810715087388
ChIJWajYRm7xNIgRYWzHvQBIa_k,South Side Flats,15.158988144220201
ChIJ7ZiQ9W7xNIgRt5WKRIutn08,South Side Flats,15.846440171426522
ChIJW8GZyW7xNIgRbBA2PEWplXk,South Side Flats,16.706712954585434
ChIJB6QELSHxNIgRFWoBt8KHtiI,Carrick,21.41721346668814
ChIJD5Ibv3bxNIgRgC3PVYseHn8,South Side Flats,16.99233549236756
ChIJXfIN9m7xNIgRyqsVaf_yOWQ,South Side Flats,15.677255885790352
ChIJyxPbaCPpNIgR6KLDgF5MuNk,South Side Flats,17.442509479282293
ChIJFUVyIG7xNIgR5d5VLBb0k4s,South Side Flats,15.425195605909485
ChIJczlgxCDxNIgRGWhgh5XDnAE,Carrick,21.595042301119634
ChIJGWNH4HHxNIgRYt3EYmLzA-c,South Side Flats,15.459426693211606
ChIJ4aw8mCPxNIgRc6Gb9jfvg_4,Knoxville,20.73128098880523
ChIJ3ZWSAabxNIgRDS03BIHhFAk,Arlington,18.229287504154836
ChIJs9-69dzwNIgRmMDd8euPa28,Carrick,23.216895467681034
ChIJ2U_hO-3wNIgRkJ7de0Oawu4,Carrick,24.585482980096394
ChIJUQEBv6fxNIgRkXZoyTMAHME,Carrick,22.979380591127946
ChIJjzk48mDzNIgRrWSmLUdNN3M,Lower Lawrenceville,31.33196138542331
ChIJp_wPvlXzNIgR1ua9flvQiQ8,Lower Lawrenceville,31.545850685881042
ChIJNdRSlcjzNIgRKztXRZ8R3os,Strip District,27.74376766930217
ChIJoztp4qvzNIgR1Yvp3Oo6gUk,Lower Lawrenceville,33.30143491639877
ChIJGyHKJrP3NIgRsdwacPEvZDg,Lower Lawrenceville,34.68672567502168
ChIJ0TkalrTzNIgR3WQ1VOvp8Jg,Lower Lawrenceville,33.86306612413459
ChIJu8lO6bTzNIgRTk57p9qMxLQ,Lower Lawrenceville,33.39145626944176
ChIJC93yEiXuNIgRUWEZNBBXrYM,Central Lawrenceville,34.75590300060591
ChIJv6siiU3yNIgRY1K4PUwSTvY,Central Lawrenceville,34.77695050053401
ChIJKT2mUrXzNIgRP_zITVG6-1s,Lower Lawrenceville,31.97312625011601
ChIJYWX4vDrzNIgRZHYf7f0e8w0,Bloomfield,34.78094435801983
ChIJ2x9UxjDyNIgRAlU-QHejcTs,North Oakland,31.864244188603617
ChIJ_85cpLTzNIgRQYRrGbqmWlI,Lower Lawrenceville,34.20563819329738
ChIJreSQbVjzNIgRfhAd0MtwMPo,Lower Lawrenceville,31.78270819872752
ChIJb026fVHyNIgRp717s78G9n0,Central Lawrenceville,34.839097510621045
ChIJb1Oiq7_zNIgRIftDhyB5qEc,Shadyside,35.55447526607027
ChIJp-5aZRLyNIgRkGsFTHQ2OGQ,Shadyside,35.5555494152273
ChIJG3EpCfjyNIgRbG7YUK8ClBY,Lawrenceville,34.99237778720637
ChIJDf-mDDbzNIgRYxlIXsGv76c,Garfield,35.03543247606755
ChIJ0acBsvmrx4kRaV6f_qdOUVs,Lawrenceville,35.010685545048915
ChIJqb4XHt3zNIgRRGgpc6DL0Lo,Strip District,21.36077806174095
ChIJUczDttzzNIgRIVsSTlzSbOQ,Strip District,22.238260780753496
ChIJ_VG7C93zNIgR7MsvZAToDto,Strip District,20.77800868192771
ChIJNepsId3zNIgRQqFF2SGWTQI,Strip District,21.56850531433398
ChIJZ5ZEkM7zNIgRbD1UL6cJ2m0,Strip District,22.873214170774446
ChIJVfY3m93zNIgRlQH21q_BzX4,Strip District,20.111366822233855
ChIJC5mCXMPzNIgRiI9oZz5oGPc,Strip District,23.17394902015758
ChIJP1gKhd3zNIgRnPIt3JMP6Q4,Strip District,19.95151525115181
ChIJ05Zle6vzNIgR5d6-XIDBWbE,Strip District,20.693116924054124
ChIJu7QfWMPzNIgRRaou7cEJEUk,Strip District,23.09998723329693
ChIJWWTKt9zzNIgRrgG3CUToFPg,Strip District,22.192910851690915
ChIJnUZLROfzNIgRQV-liGcW3U4,Strip District,19.066563971265445
ChIJBfSEzHLzNIgRJoAqEQ80YyI,Strip District,19.758205484034782
ChIJOzazI1zxNIgRiZ9pk0xBUKk,Uptown,15.810216818760196
ChIJ9zVB7l7xNIgRyZZ_5mAAbjU,Downtown,15.424287164919296
ChIJtb0u8NbzNIgReePPnLFXb6s,Terrace Village,21.737503489642314
ChIJt95YkHPxNIgRxayX-1nNn5I,Crawford-Roberts,17.552495083873193
ChIJdcG-um_xNIgRfiBDvgcv6Og,South Side Flats,15.657293036213051
ChIJ10MJKg33NIgRr3hoZDWnQMI,Uptown,15.487642680096844
ChIJ9-mKyGDxNIgRGih_46RNh0c,Uptown,15.18698402569134
ChIJAS82ZknzNIgRwpAOZRJjAzk,Strip District,19.758205484034782
ChIJP4v3IdHzNIgRtd_UuEQTSjo,Middle Hill,23.02481446266459
ChIJcRE8sXbxNIgRCl1ddzPyiMA,South Side Flats,16.80120243065179
ChIJGdtGwnHxNIgRvQ0uCvJ1mdg,South Side Flats,16.473619848976853
ChIJ7ZptpnbxNIgRcyXrZDisGg4,South Side Flats,16.700782699646304
ChIJywg6QG7xNIgRIBl4ypC_GHA,South Side Flats,15.340116331924337
ChIJfUaaHmXxNIgREzmT38FjoRM,South Side Flats,16.7634230118242
ChIJi-9pQW7xNIgRChu2hMipzaA,South Side Flats,15.21587195854302
ChIJac7x_uvxNIgRowRCaqp-Los,South Side Flats,15.661103927326872
ChIJveO2t3bxNIgRR0FnNBRehMo,South Side Flats,16.888937137573986
ChIJv90jIHTxNIgRSnlTE4DPXT8,South Side Flats,16.777979682849438
ChIJz1REkm7xNIgRaCxSYHQ0JeQ,South Side Flats,16.263552926297578
ChIJw8e2im7xNIgRIOv06P2gPEw,South Side Flats,15.886820684602032
ChIJVV4HnqLxNIgRxbPYfPin_Wo,Central Lawrenceville,34.74164960838415
ChIJ9b8gGVLyNIgRZyoRQ5by93c,Central Lawrenceville,34.801903725892636
ChIJE8F5jc3zNIgRv9cjRb4OUzA,Central Lawrenceville,34.795895168341765
ChIJVbQic9zzNIgRmEsQQXRvNm0,Central Lawrenceville,34.759616391609235
ChIJqxndwrHzNIgRUt455T2q_bE,Central Lawrenceville,34.81240422383867
ChIJhbb-m03yNIgRUsWJ-htXSRY,Central Lawrenceville,34.76161444071231
ChIJi32qHBHyNIgRxPtrUFhiLBc,Lower Lawrenceville,34.69449001871246
ChIJv3LUorTzNIgRvwY5DAgTA1s,Lower Lawrenceville,34.10245692376589
ChIJ9w2zjBDzNIgRW-TDzTHGVVg,Central Lawrenceville,34.78541268900977
ChIJ_QYsGFLyNIgRZy6AxOT0gq8,Central Lawrenceville,34.800361758929725
ChIJb51c3NPzNIgRyc9mwNxQT8s,Central Lawrenceville,34.74771012931138
ChIJfdbjNknyNIgRfLIY5-dxlQQ,Bloomfield,34.74038366353122
ChIJ66LSFVLyNIgRtZXizJSCCGk,Central Lawrenceville,34.80329457493569
ChIJzV7wK0nyNIgRgtFZ1GerHV0,Bloomfield,34.75866586900321
ChIJTdlGrlzzNIgRIQf1pxrBMXc,Central Lawrenceville,34.752463742030194
ChIJoacKHk3yNIgRuTyIvX6tIHY,Central Lawrenceville,34.74166401693887
ChIJrzelqffzNIgRnDkl4GRkyd8,Central Lawrenceville,34.74934567459545
ChIJV4HpDlLyNIgRnw3FBi-owp4,Central Lawrenceville,34.79334443876415
ChIJ4at4NE_yNIgRDPjJG9F_BQQ,Bloomfield,34.78724241508162
ChIJacdcMk_yNIgRdHtaOoDoiSk,Central Lawrenceville,34.7752477187715
ChIJl93RPCLzNIgRTN1yoqz3FJc,Central Lawrenceville,34.76174899236566
ChIJbyBaslfyNIgRHs3um_NSygY,Lawrenceville,34.95354626571546
ChIJ9RuVqkfyNIgRkMqRFmij0AE,Bloomfield,34.95273724685481
ChIJByWbqoDzNIgRIYQGeZ3DGHU,Lawrenceville,34.954710903421955
ChIJ157INUbyNIgRIdYcEKwlsxk,Bloomfield,34.9087686461252
ChIJk8LxzX_zNIgROyn2KZl4J24,Lawrenceville,34.9371535801408
ChIJXxJOonLzNIgRLoWk4qqp7D8,Central Lawrenceville,34.741155498484154
ChIJtwdryN_zNIgR9QxZXCx3HHw,Central Lawrenceville,34.80246569398499
ChIJ6RYU1U7yNIgRW5lPuLNmkNQ,Central Lawrenceville,34.75646282562538
ChIJB0uhKaHzNIgRFQoE7SpNQZA,Lower Lawrenceville,34.54563510484156
ChIJfSLmpRfzNIgRuTB2LzQlRs0,Central Lawrenceville,34.751728931291815
ChIJLwtmuhHyNIgReiO08BCqkNI,Shadyside,35.63279689158205
ChIJBYF_qoDxNIgRoaFKe3aGAUU,West Oakland,24.041252061528404
ChIJfRdWuTDzNIgRW8di8Tv5olc,Shadyside,35.39410571613179
ChIJOTAqXE_yNIgRyx9s6-XdtQM,Central Lawrenceville,34.80488610693308
ChIJ8_YI2yrzNIgRcfvIx_LhAQQ,Morningside,35.09095685629331
ChIJ6xQhKULyNIgRH96iN5Qnnxw,Bloomfield,35.0546391161134
ChIJPSw-jertNIgRgG-xMXHio4w,Homewood South,36.38192896806115
ChIJp6r2KhLzNIgR39o6aPGr5ec,North Oakland,24.505796525417693
ChIJiwd0_inyNIgRNEnkdvQOwvw,West Oakland,24.256846409494806
ChIJw-xxVofxNIgRPoR9kR0qQaU,Central Oakland,24.152511332441847
ChIJP6hIlSnyNIgRRIKYd7itnC0,West Oakland,25.072448638112945
ChIJA16Qmy3zNIgR0tie1DsJWr8,West Oakland,24.065899750174747
ChIJuY1kwinyNIgRXavpCzppwNk,Central Oakland,24.89272937599233
ChIJ3Ta93CnyNIgR76BIIq9wi00,Central Oakland,24.885969549238652
ChIJNVEpiefzNIgRTduxmt_kOCo,Central Oakland,24.819753452682725
ChIJi06JU9PzNIgRWcHN_LT8uAE,West Oakland,24.48369851075164
ChIJAcDfbGvzNIgRyx-DeVLDdY8,Central Oakland,24.32887775458547
ChIJ-1R-5SnyNIgRKb70_DsecYU,West Oakland,24.643583019898124
ChIJ-0vjBabzNIgRzOvXp_ZUqoU,North Oakland,25.390016792514025
ChIJHf2pVZTxNIgR4QKTat1XtxI,West Oakland,24.020160867618927
ChIJCwnMDlPzNIgRRHEeV5sDmA4,West Oakland,24.01176244133157
ChIJn-bH7inyNIgRFEdw1AiECjY,West Oakland,24.780126364690545
ChIJmyZSvCnyNIgRudsdwbZLMDw,North Oakland,25.375576860472833
ChIJb4-q6inyNIgR-w9Vd5a_dpg,West Oakland,25.04351752431247
ChIJdU1TE_LzNIgRcLiw01-pwh8,West Oakland,24.896055322650646
ChIJqSCdRijzNIgRVC0pUVzkL3Q,North Oakland,24.98349620319005
ChIJtQ_i3inyNIgRFnjm8Qyamig,Central Oakland,24.56825699220048
ChIJnYeF6ynyNIgRpvE8GG_enX0,West Oakland,24.920493568852883
ChIJMRkulSnyNIgRFX20W4CdRes,West Oakland,25.063867732249722
ChIJLQyxHSryNIgRvsaMdRFuWsc,West Oakland,24.434991898638195
ChIJJ60ZlSnyNIgRFu7xM8GVStE,West Oakland,25.05505932038023
ChIJb76tAYjzNIgRYeg8b2Ci_oY,West Oakland,24.48099707298534
ChIJoaSk8TnzNIgRq6xVnf01Ko4,West Oakland,24.886486164023722
ChIJQ3eP_inyNIgRyd2ktjamxqM,West Oakland,24.267429487356765
ChIJDxOukArxNIgR5NksBn-2nC4,West Oakland,23.996692579987535
ChIJGQpeNXPzNIgRxDow-rr88Kg,West Oakland,24.31235667240188
ChIJSxQZLJ7zNIgRt0maU__sOYY,West Oakland,24.4917886641391
ChIJ__8_x4DxNIgR5k99DeUY1-w,Central Oakland,23.232961994975494
ChIJLSVQY4fxNIgRMAPUHHWIggE,Central Oakland,24.58994397818016
ChIJjXscMC_yNIgRXcUITF3MvRs,North Oakland,27.801336064270927
ChIJwa8K8MbzNIgRdkBi8pwcpGo,West Oakland,24.33316935535825
ChIJB8suhyjyNIgROsd4vPcFiDU,Oakland,26.77865139611595
ChIJM5JDtenzNIgRsIpiW9_DigU,Strip District,25.03544673138686
ChIJH8xSoIfxNIgRtnPuXCx47ng,Central Oakland,24.37447936323275
ChIJ__8yAyryNIgR_X6MMQ2OPrk,West Oakland,24.31235667240188
ChIJzwS4zTryNIgRGmSRESQtGHo,North Oakland,30.932939669878447
ChIJy9Po4h7yNIgR_nLyDFmCL6g,North Oakland,27.080707894299373
ChIJq7q0zTTyNIgRShTahHUtqyw,Polish Hill,30.219205875884008
ChIJaev7FCnyNIgR7BJTDJPlFOM,North Oakland,26.186208518013792
ChIJyRkoBEHzNIgRtZV4aLqB6xg,West Oakland,24.172534344346765
ChIJjfwiuinyNIgRey6wSiNVUAg,North Oakland,25.483274125999923
ChIJ4xNi4ynyNIgRU6IpTDdsfrM,Central Oakland,24.485386771655364
ChIJYWiRwSnyNIgRRiyWeUcn9FM,Central Oakland,25.165085753555125
ChIJSTQfZCryNIgRJEejULSwP5Y,West Oakland,23.95430517769377
ChIJizXqDxTzNIgRKmZwV7ss8C4,North Oakland,27.433971398082896
ChIJz3BPwSnyNIgRhdkfXHh9mgQ,Central Oakland,25.106519700620318
ChIJow9HHSnyNIgRoRs_E9gDDeQ,North Oakland,26.33057382551286
ChIJKwX1vgLxNIgRgCuBdQYLd24,Central Oakland,24.56495345338575
ChIJC8I6mezzNIgRQ0_54AxTzTE,Squirrel Hill North,29.15584511216808
ChIJNRjc6X_xNIgRhXvV7E7TE-U,West Oakland,21.709646621538376
ChIJTY6wvZTzNIgRSrzuVfOPKcs,North Oakland,31.13011238030318
ChIJRxOXPyTyNIgRjMgvDNxh39A,North Oakland,29.74270998447971
ChIJlfRanibyNIgRcoAza6F4sdI,North Oakland,29.098386490097514
ChIJa9dttZzxNIgRoJ_fjgPe6-s,South Oakland,19.85857233731121
ChIJE8r9NXbxNIgR2_MNy57jGM4,South Side Flats,17.94757819020272
ChIJxelDPHTxNIgRZ7036R6TvgA,South Side Flats,16.683045315925263
ChIJU9n6WoDxNIgRBw0y9nj-lbI,West Oakland,22.28859220305988
ChIJ__9zECL0NIgRqH1N19NUVAk,South Side Flats,17.69094869656845
ChIJw7kWe4fxNIgRNi3MzDaZuAI,Central Oakland,24.539353532724643
ChIJzZey4HHxNIgRf8mSxBOeOng,South Side Flats,15.522267878486339
ChIJKaoVAvvxNIgRxXDV1rIC610,West Oakland,22.721317745251305
ChIJy7yEyYfxNIgRTRR-MtN9sT0,Central Oakland,24.320306897764134
ChIJT42nXW7xNIgRc_TKySMF3x8,South Side Flats,15.458376210586293
ChIJk8C3QG7xNIgRPD3JpUj0Qpw,South Side Flats,15.17494643993192
ChIJP7eXjKXxNIgR2mpwikchvlk,Arlington,16.18868549515907
ChIJbZevISTyNIgRmAk5MgJN5NY,North Oakland,29.236450766535647
ChIJL3ujxP3zNIgR9aqygXcUHAY,Central Lawrenceville,34.76892844843611
ChIJjxs73dfzNIgRJKu3w6JJw-M,Lawrenceville,35.02487890422305
ChIJYYWWt3HzNIgRdbh0dC_GfCA,Lawrenceville,34.99975490529751
ChIJ2yPqm_fyNIgRrX4_XAqLAjw,Lawrenceville,35.02491751631275
ChIJAeVyyVfyNIgRJl5qfH2SbDs,Lawrenceville,34.96801547546036
ChIJZ43akkLzNIgR8d78OnpSbUU,Central Lawrenceville,34.777524908138375
ChIJW0b6r27yNIgRV0KQXfeQCMA,Bloomfield,35.26730047728952
ChIJz3cUGkLyNIgRWLMkcBK2edg,Garfield,35.08225461721003
ChIJRfmwWXvzNIgRLV4SEczR2PU,Central Lawrenceville,34.75796493681962
ChIJqbAgM-LzNIgR9JdYfVlf4w8,Bloomfield,34.930123094970014
ChIJOw-0W3PyNIgREBWiJADqrgk,Shadyside,35.62158291247082
ChIJkYOyh4DtNIgRp0mPbsULPU0,Highland Park,35.46143152478371
ChIJuYpNim7yNIgRgOOuYecW9ag,Garfield,35.310067684602146
ChIJrcryYsvzNIgRekOzasoDnuc,Friendship,35.39771258490585
ChIJexev_mXzNIgRjT3AugIbp88,East Liberty,35.48944492039717
ChIJmyJTe2_zNIgRKBsnWlOKuw4,Garfield,35.11293255282761
ChIJc2i5EkfuNIgRzpOA4y_aYxQ,Larimer,35.99022846871711
ChIJ4-N0iWbzNIgRo3uX-BqAKmc,East Liberty,35.59476344060362
ChIJaZJLQEfyNIgRjqYnaTYeoN0,Bloomfield,35.02633772742611
ChIJAeBK2HzzNIgRM7u_R11SedE,Bloomfield,34.98593496668411
ChIJbz5zt63zNIgRUEkiTNwcn6A,Bloomfield,34.994913512463135
ChIJzSCE0kPyNIgRBzJJwOyniQE,Garfield,35.03319352255706
ChIJSegbAUfyNIgRxWUkXGV0_sM,Bloomfield,34.9642736742956
ChIJU1c6EUfyNIgRg8gKJwQNl4c,Bloomfield,35.00749609430112
ChIJA0IuNUbyNIgRuikoLdVougk,Bloomfield,34.914539538852644
ChIJSbERT0fyNIgRGxDyCmC7sAY,Bloomfield,35.05242513540871
ChIJn862SEfyNIgRVibDFUOQzsI,Bloomfield,35.0511849022597
ChIJm_WKOEfyNIgRQ-5OJMzSLRY,Bloomfield,35.031267284779005
ChIJz3fkUU_yNIgRz8ny6o9Dcos,Bloomfield,34.80977993574168
ChIJLfzKFEfyNIgR6L1Z3Rj0Q2c,Bloomfield,35.01340210389918
ChIJ9Q1kJUTyNIgRuvW9f60WFmI,Bloomfield,34.91127930764928
ChIJifg4qkfyNIgR78eJjin8_cI,Bloomfield,34.9573284856732
ChIJmTdGy0fyNIgRnBcu5zadtoQ,Bloomfield,34.91194249132156
ChIJ3fG3zUPyNIgRU9Xm67yqrSY,Garfield,35.026821271619696
ChIJF27Hp0fyNIgRnZHhBa75CIw,Bloomfield,34.967726509172245
ChIJQft3kaTzNIgRetJTJOLl88g,Bloomfield,35.04906904553905
ChIJqXdRmU3yNIgRTtYlLipakCI,Bloomfield,34.9802995249032
ChIJv80hSkfyNIgRNZnI9Dxc-n4,Bloomfield,35.047748390206934
ChIJkbYAo1jzNIgRxpuolX6I6Dc,Lower Lawrenceville,32.91635425151248
ChIJ7Qm3oEDyNIgRVTUeVHYmEuE,Bloomfield,35.091375805840826
ChIJV9x5pxXyNIgR5rO9GDHxInE,Bloomfield,35.36872747456958
ChIJLQOJMgDyNIgR7G4Ga-wAzg8,Squirrel Hill North,34.95681854509408
ChIJ_06ucs7zNIgRoAhVQhjtRk8,Bloomfield,33.685879109323785
ChIJxW7K-jryNIgRnoy_fq22O7U,North Oakland,31.876614566027516
ChIJD8Ov2h_zNIgRcC-PyQkIVys,North Oakland,31.252422507277245
ChIJ9d9pts7zNIgRT8U7X54jHzw,North Oakland,31.207801932677974
ChIJ68CEWyjzNIgR-x4agZBK-9g,North Oakland,31.177935816547823
ChIJvclwjTryNIgRWg9iEnHdW9w,North Oakland,31.55305149165209
ChIJXVu_qDvyNIgRXfFlNXIhA7A,Bloomfield,32.56402219736769
ChIJh39tef2Gj4AR0rCRdkJDRl4,North Oakland,30.997241266961293
ChIJjcep-TryNIgRNOeLcqAUXp4,North Oakland,31.99941664787387
ChIJf90kgzryNIgRFF3DT6QETbQ,North Oakland,31.99941664787387
ChIJVyjr-TvyNIgR_bA14kixa-0,Bloomfield,33.89285841672354
ChIJ0dtd0E3zNIgRBQOjqm70vHg,North Oakland,31.570079936151792
ChIJv-unHcvzNIgRAes227yxYVI,Shadyside,35.29237594626294
ChIJ4-WUitXzNIgRdsjqRrkobhc,Bloomfield,32.62247628187068
ChIJ-7BxngHzNIgRV0Gtee2KWv8,Bloomfield,35.20700919756371
ChIJcahYNUbyNIgRkh-YFLBrnyk,Bloomfield,34.40725971485596
ChIJiYokHjzyNIgRtnsi_6a_MPk,Bloomfield,34.46852253858881
ChIJb9ShrhHyNIgR5gt3ZnhARJQ,Shadyside,35.63932712829427
ChIJn5pnWB_yNIgR9toCB8xF8gk,Squirrel Hill North,30.99423044185769
ChIJX3bwXRTyNIgRCkbmjnSURuI,Shadyside,35.40646728480293
ChIJiSir5f7xNIgR2sBfHI9HoI8,Squirrel Hill South,32.9068531972095
ChIJjx4DoCbyNIgRa4xgF5MtWX8,North Oakland,29.228740580942166
ChIJhSAtHyTyNIgRDUVWLHZNrmQ,North Oakland,29.377496237208927
ChIJ784vwP7zNIgRbVdQMYJd8MA,North Oakland,27.14263225725346
ChIJFdDEVBjzNIgRzH8p4nOhS7U,North Oakland,30.76975140287349
ChIJgeoC3zPzNIgRQEm9X1cMZTE,North Oakland,26.828108040474064
ChIJd3hRoCbyNIgR_0WAdbtJq5E,North Oakland,29.159130290219956
ChIJM9nnvfXzNIgRswPFCZ3qSQI,North Oakland,27.079507588060217
ChIJayydoqzzNIgRDrjYoB3MSj8,North Oakland,30.830022275626575
ChIJ-7qz81zzNIgRK5B95UI4tk0,North Oakland,29.2302051414321
ChIJ2R-WpibyNIgRtfRjFfy1W7g,North Oakland,29.257207555269645
ChIJ1waLE0zzNIgRpQAnf7nEMdo,Central Oakland,25.356047547808675
ChIJ5VuSdJ7zNIgRmKAAM6I1Rnk,North Oakland,26.93589605411411
ChIJ8T0O8GHzNIgRWEN_D2SXmGo,North Oakland,27.975494492797743
ChIJAcntoSbyNIgRJ_tqs7HosP8,North Oakland,29.133066019336532
ChIJK2J2cOLzNIgRq2PMUDOTQZA,Squirrel Hill North,30.25235589174479
ChIJSchDPYrxNIgRprhtd8o3qXc,Squirrel Hill South,26.941746195342965
ChIJB-1JM6bzNIgRRn6FvCK53_A,North Oakland,29.47028047772135
ChIJHQBwlonxNIgRTOQNz6y-EQ8,Central Oakland,26.98486922043152
ChIJ_x6m61fxNIgROMgm77qPmLA,Central Oakland,23.478205953174644
ChIJm1K7dBzxNIgRFN9OZA3iux4,Central Oakland,23.492256319606746
ChIJyX5l6inyNIgRugEcIEyyBsw,West Oakland,24.92516589010461
ChIJNdDUQ4bxNIgR2pI0nwllfhA,Central Oakland,23.523506008283555
ChIJt1kaeofxNIgRbehlt6g1Vws,Central Oakland,24.590248892656916
ChIJXfP-3KnxNIgRbfS-nbxWS3o,Central Oakland,23.90864603177739
ChIJZ_i-97XxNIgRo3cA0PG1Aqg,Central Oakland,23.47501565024404
ChIJ7-9LLKPxNIgRrpO2_kcg7oY,Central Oakland,23.501616667247244
ChIJsVBcN5PxNIgRqvdo84ea2P8,Greenfield,23.107009792334885
ChIJuVxT6YjxNIgRb0c0GvhIJmU,Greenfield,22.879069341783563
ChIJ-Qt5VYfxNIgRDVs2PgNZEck,West Oakland,24.41902482906461
ChIJv5mJO3TxNIgR2-U7O-0raig,South Side Flats,16.686091731711628
ChIJczcZdHbxNIgR851UGvycI3I,South Side Flats,17.448506485409638
ChIJ3W48jHXxNIgRzYewBlf_lCA,South Side Flats,17.33743687685513
ChIJMZ6aegfxNIgRlG2XPGR2rrY,South Side Flats,17.69094869656845
ChIJFRFbt3bxNIgR0M9SxAMqRzg,South Side Flats,16.805593483164962
ChIJ9-KQqu3xNIgRQjuwNnAw5jE,Greenfield,24.188076064781058
ChIJ9dZ5RtHxNIgRXQx0R-kiUow,Hazelwood,18.451470040784823
ChIJd6RZuLfxNIgRHJT0cLCd33E,Hazelwood,19.053815157275032
ChIJT20LZP_xNIgRfXSxvCBARgI,Squirrel Hill South,34.12416549311719
ChIJwRWXX97xNIgRt99JPMbLo5k,Squirrel Hill South,25.61086458935126
ChIJjUAiVXTuNIgRx_uIV_2oEws,Regent Square,36.99621184744503
ChIJj4vndd7xNIgRMlzZaluZb7Q,Squirrel Hill South,25.490924004049088
ChIJjZks6gbtNIgR3J6z3f6RvZQ,Squirrel Hill North,36.17477591827034
ChIJXRrgsujtNIgRWwtHCcC6TG0,Point Breeze,36.41470025118101
ChIJGW1mL8TtNIgROt0MXN9urkw,Homewood South,36.674204997835055
ChIJneaRNSbtNIgR26Bot7Ibklw,Bakery Square,35.89341414976652
ChIJzWytUezwNIgRofWfXWmeGHs,Carrick,24.21781267769216
ChIJF8gWyH_yNIgR54cOZfU6tXw,Highland Park,35.36417162395599
ChIJxVd0I2ntNIgR0HWArl8uf3s,Highland Park,35.279269763929506
ChIJF2TjvX_yNIgR2rajP8TTCM0,Highland Park,35.39368707926361
ChIJK1hW6YTyNIgRTqozUZYSdHw,Morningside,35.03911538788531
ChIJ3eJzZoTyNIgRFwR6eZysncc,Morningside,35.08993892086529
ChIJg0PTuiLzNIgRZiDiEC0UMCM,Highland Park,35.38274342699729
ChIJzRu8mX_yNIgRIXXPzSRbLMU,Highland Park,35.403733384746296
ChIJl9Idur_tNIgRC4qSnGye370,Highland Park,35.28798814758452
ChIJtT84-2nyNIgRtZthPxJLhFc,Garfield,35.121142490887536
ChIJNS-HZW7yNIgRosFKSl6w4L4,Garfield,35.33706690504868
ChIJzaNUQ2nyNIgRJMi6ohsLTuQ,Garfield,35.22171191279112
ChIJOwT0MkLyNIgRkWGbjvbtOM8,Garfield,35.03788935843459
ChIJY4jK0PfzNIgRWbcs3fOumtI,Bloomfield,34.98593496668411
ChIJib1zoUDyNIgRjs5lzRvptV4,Bloomfield,35.11260449068543
ChIJ17qAEELyNIgRuOAM6Sm8NMs,Garfield,35.08684653374755
ChIJ7-YJEEfyNIgRO0lw1eHhKwM,Bloomfield,34.98845661022512
ChIJGWJzfQTzNIgRpdrWYW3X534,Bloomfield,34.94753697774736
ChIJkSEzAHnzNIgRjZOxPJSd_2w,East Liberty,35.47070454273848
ChIJnetrqnTyNIgR7bt3L49RUTM,Shadyside,35.64357753880672
ChIJ6YWR1gzyNIgRUf4PpzogNBw,Shadyside,35.58670280452472
ChIJ7Z3q5z_yNIgRPjNpFPCbwh8,Bloomfield,35.244001370122675
ChIJSUfZOQ3yNIgRTdo2R99Rk0Y,Shadyside,35.56121827452629
ChIJ4aDOY2ryNIgRcjgyna2jC4s,Bloomfield,35.19156957328781
ChIJ_xbBinPyNIgR5I6bKzW6Xc4,East Liberty,35.575575132632885
ChIJAZBTnjPtNIgRatsp-ZwuOMU,Point Breeze,36.06026235048896
ChIJ_woa_lzzNIgRPKXB29y4pG0,Shadyside,35.59208062938309
ChIJLy7o3xDyNIgR-cB2KQN8G9I,Shadyside,35.59851152056194
ChIJC5P7sxHyNIgR6IoKrVoD-QY,Shadyside,35.64863966522985
ChIJa-FPHBHyNIgRVC5VMamD3vw,Shadyside,35.60375792601624
ChIJK0aB_hDyNIgRZTfaR-B3Ja4,Shadyside,35.63062884362135
ChIJb7SKCr3zNIgRuElCmbxa6BM,Shadyside,35.65090008091239
ChIJwb_5sRHyNIgR3BQjpqxJpxU,Shadyside,35.63599758871494
ChIJn4O9qBHyNIgRc9dX4Aodfz8,Shadyside,35.6272446220306
ChIJ4YqBhhXyNIgR6RZeY4TH8Us,Bloomfield,35.31404492755847
ChIJf1H49KXzNIgR-I5Odjiw84w,Bloomfield,35.35790968683743
ChIJebeZTHLzNIgRyziDyvkn5nQ,Shadyside,35.592733704452186
ChIJp_sbrxHyNIgRJSCP_0F4rSE,Shadyside,35.627509194751845
ChIJQ86AALDzNIgRx3FrHBuHwfQ,Friendship,35.41302647673918
ChIJNfUt57vzNIgR-JxNmrSoOmU,Bloomfield,35.368282721066734
ChIJ5R6OJibzNIgRj7PaeC0EYeE,Shadyside,35.62140646325112
ChIJ9Q-zXVPzNIgRxMq2OYHXA-k,Shadyside,35.60098450438767
ChIJfcIfgRTyNIgRlnaFPGmBSX0,Shadyside,35.42433724792992
ChIJqSoSWE3zNIgRC5ZZW-O1ZRI,Bloomfield,35.29953816649492
ChIJp_sbrxHyNIgRy4d_3ltvJfA,Shadyside,35.62525024924596
ChIJ2YCjHxPyNIgRx9QebVCaHiI,Shadyside,35.457847629169216
ChIJiYlvLxHyNIgR0Zqr20MbZ9Q,Shadyside,35.59700779340944
ChIJV2sb0hDyNIgRUE0eUaaDj6o,Shadyside,35.58752968222483
ChIJZ3KkqdDzNIgRCD7wfJUWqAM,Squirrel Hill North,30.730097705388523
ChIJQ4p9cSzzNIgRUCflMiwYVNQ,Squirrel Hill North,30.988287523025534
ChIJlV4y5yHyNIgRaaYa1zk7vYw,Squirrel Hill North,30.625055881449413
ChIJz3eMvGyKNIgR4IB0zeYZy-M,North Oakland,29.327815289977895
ChIJLxnwlKrzNIgRtueHT9PHFn4,Squirrel Hill North,31.033973557205947
ChIJhQOupibyNIgReBoACHik1Jw,North Oakland,29.29032559574335
ChIJ_ZmkglLyNIgRp90B8NkqLPE,North Oakland,26.829934763576574
ChIJ2Tf5pCnyNIgRyENX85bm4pE,North Oakland,27.519103330038703
ChIJj8asgjHxNIgRF8MtNqy8v8U,Greenfield,25.796742283400043
ChIJffNccebxNIgR9JGg-4HwhFk,Greenfield,25.893993718486218
ChIJLd3F_PzxNIgRDq8xAmHQ18Q,Squirrel Hill South,30.74958315994961
ChIJfWX-mf7xNIgRE9ZKdBmUiFE,Squirrel Hill South,32.25548562129079
ChIJg4iqU1zxNIgRpPPslHG6YxA,Squirrel Hill South,32.71727212299276
ChIJHaUunP7xNIgRxkzGYOAIs3s,Squirrel Hill South,32.1013549235386
ChIJz2YHEADyNIgR3i06eMICpDM,Squirrel Hill South,35.48696947975305
ChIJt4iTxpPxNIgR48jSGmbEhCI,Squirrel Hill South,32.01402088797951
ChIJjWC6Ef_xNIgRyJodJrEpjAc,Squirrel Hill South,33.46757134561305
ChIJVVVJhf7xNIgRO6i9n8IDVUk,Squirrel Hill South,32.30402992122174
ChIJl-ia3d3xNIgRgi7ZuCdv5AQ,Squirrel Hill South,25.446931248081285
ChIJR0IGCADyNIgRvOjy0MNoRTs,Squirrel Hill South,35.684895519070565
ChIJ-7t67_7xNIgRT00uAV8ynN4,Squirrel Hill South,32.85993591236981
ChIJF8MtFMLxNIgRon3pDMIjAhE,Squirrel Hill South,31.977654855055306
ChIJo4Minv7xNIgRVktnEAAFCBU,Squirrel Hill South,31.909693088384778
ChIJdyHrh97xNIgRhSG-7v6c1So,Squirrel Hill South,25.508472208580734
ChIJWSLuPqHzNIgRPwtYJJ0MS6E,Highland Park,35.427477637167364
ChIJvTL5iH_yNIgRdO6KVGjHGXM,Highland Park,35.42318097125553
ChIJE5YAUp3yNIgRIJAi9h5VJmc,Morningside,35.17547516573399
ChIJG4Wlv3_yNIgRD72vwwni040,Highland Park,35.38296489594346
ChIJ_86ohnTyNIgRr-dolrlyapI,Shadyside,35.625926257570875
ChIJwTXFF1bzNIgRBtuoDvqaDAk,Shadyside,35.60834694273822
ChIJPWcNTYrzNIgR37erh1gupOE,East Liberty,35.606874089215836
ChIJBcn2m7LzNIgR9TG_cGShmus,East Liberty,35.59575596413487
ChIJDbCnsZnzNIgRiHI_XTdUWL0,East Liberty,35.572706991513385
ChIJq6pueXPyNIgR_3Td6iT1jtw,East Liberty,35.59821501901218
ChIJta2mTC3zNIgRWWrI37jfR6Y,Shadyside,35.62108913620167
ChIJT2aefnPyNIgRQ5S7I37vdJo,East Liberty,35.59731631527322
ChIJyZk6TnTuNIgRYkbnt5HepOA,East Liberty,35.60126445373311
ChIJuR3d3OrzNIgRjtHbCef0GP0,East Liberty,35.54697504659026
ChIJ2U961ErzNIgR_Q6HvAae7_s,East Liberty,35.53409696219183
ChIJibTcXnTyNIgRGUl5vW35uPU,Shadyside,35.63531877350784
ChIJfwD2p3PyNIgRvbg2tg__Oz8,East Liberty,35.54838030515507
ChIJV7Ep6nbyNIgRZRxAbwKeAF8,East Liberty,35.56078073687099
ChIJmWLN6GnzNIgRo8_Bfz1dHAw,East Liberty,35.53644064265197
ChIJAZ2LBnTyNIgRuOijoRkjvzI,East Liberty,35.564938688756875
ChIJtfj1dHTyNIgRufxtaSnXwO4,East Liberty,35.58492987367493
ChIJRfuKPGnzNIgR_18jx90DqIk,Shadyside,35.660045420986506
ChIJeYLZfXPyNIgRWDOFw-mvS9g,East Liberty,35.604284579588494
ChIJJ5Vo3wXzNIgR5dwpSgzW7_I,East Liberty,35.6143647393418
ChIJr9grg3TyNIgRDTLMzxnA_QY,Shadyside,35.615668057030135
ChIJ85r6U3PyNIgRShRo4vMObTI,Shadyside,35.63125704891715
ChIJk3ZweXPyNIgR8yU9fdW2sAE,East Liberty,35.59637412252108
ChIJFZFaXXPyNIgRqHdSvWV0XJE,East Liberty,35.600483343134684
ChIJcUkTqHTyNIgRLy_IP94UFBA,Shadyside,35.64293574731679
ChIJWQh7rAzyNIgR2SmJQjW3nAs,Shadyside,35.642953982680936
ChIJf8-9UXPyNIgR0MoGEhLB1VY,Shadyside,35.624738760240945
ChIJgRGc7WXuNIgRWWuiWGKgCI4,Shadyside,35.69613967043449
ChIJ-xSPSIvtNIgROIxeTVTEcqM,Bakery Square,35.88249122380553
ChIJqb4DQg3yNIgRyPkcGL6oQko,Shadyside,35.5526441134534
ChIJ5ZgTcwfzNIgRK-c2BoTZ9vc,Bloomfield,35.30944310402083
ChIJ4y5iaA3yNIgRlveZw8ch5ew,Shadyside,35.55220848635789
ChIJDRzTaXTyNIgRr-Lofpxky2w,East Liberty,35.61982455873007
ChIJJyuhq3XyNIgRWy9Y9vlV3Oc,East Liberty,35.67909179270697
ChIJK7NDJ3PyNIgRnm1MTAat90w,Shadyside,35.56162081472817
ChIJWXZrWqXtNIgRm2RPZqg8R8I,Bakery Square,35.92245950371752
ChIJVdUuLdXzNIgRvALLqvy_rwY,Shadyside,35.62612582855332
ChIJ1UhbPQjzNIgRHEWiUMjOknk,Bloomfield,35.31784374779396
ChIJ7Z96hYTyNIgRYGJl3swgnp4,Bakery Square,35.91268098737881
ChIJEfGbKwDyNIgR-iKYm8ZnK9U,Squirrel Hill North,35.05957195892454
ChIJt-D2X5_zNIgRz9ps_RHI-Og,Squirrel Hill North,34.84026567490467
ChIJz1h41wHyNIgR0AVlKsbGd4k,Squirrel Hill South,34.45852111099654
ChIJWzNtxbfzNIgRJXA9L56crus,Squirrel Hill North,35.46217662871663
ChIJ2TLs4XTxNIgRdosg14v5Zbk,Squirrel Hill South,32.06861911576415
ChIJ2bCX4u3zNIgRffs3LXEuos4,Squirrel Hill South,34.999456338686514
ChIJpZy2hejzNIgRQwot09jRySs,Squirrel Hill North,35.15680464053612
ChIJ3TSizQHyNIgR7BC1XJB1zFE,Squirrel Hill North,34.77722261930663
ChIJc7q2DTvxNIgR5K3SOPvVKUw,Squirrel Hill South,34.09436434596923
ChIJB8xjqIDzNIgRMVrLT_jOZfw,Squirrel Hill South,34.80296740467435
ChIJl_sqJADyNIgRQFP6M9vWblk,Squirrel Hill South,35.06748136930269
ChIJdeLTv07xNIgRX9CnXW42LYE,Squirrel Hill South,34.135811063867465
ChIJU-45Yv_xNIgRciJEiRDX_LU,Squirrel Hill South,34.23467689233657
ChIJwy6Z7v7xNIgRVHQFJTCXZIA,Squirrel Hill South,32.725578026551844
ChIJXR5HGADyNIgRlG94zJiYKZE,Squirrel Hill South,35.23587010333284
ChIJPUJMmf7xNIgRGE-k0pnaxro,Squirrel Hill South,32.11792469535421
ChIJS4w6F__xNIgRHBCgNlvm6hY,Squirrel Hill South,33.52417793842006
ChIJY7-zEQDyNIgRnr2vhjLZ77w,Squirrel Hill North,35.56226031729257
ChIJ-041qUrxNIgRJhS5iBmhLnI,Squirrel Hill South,32.31604828339283
ChIJY8Gdq2_zNIgRAa39P2rQJc8,Squirrel Hill North,34.96860945217395
ChIJuyHL7f7xNIgREhCvl94Nmp8,Squirrel Hill South,32.6473304820099
ChIJO1Y0l_7xNIgRD-FhmdnGPsA,Squirrel Hill South,32.26654811849981
ChIJNVsfYR_yNIgR4lHAYMWATb0,Squirrel Hill North,30.68461208226779
ChIJo8aPmf7xNIgRV9yjm17UQt0,Squirrel Hill South,32.16498485826671
ChIJleE02AHyNIgRsQ8kBSbcncw,Squirrel Hill South,34.41274855830342
ChIJe94cciLyNIgRdN_PX7Lnl18,Squirrel Hill North,31.054911863337345
ChIJy4AT9-LxNIgRZyAiiPJU6xo,Squirrel Hill South,32.560647745556544
ChIJ6WqCYf_xNIgRLF0LEZn2XH0,Squirrel Hill South,34.195313473540736
ChIJr5-PxPTzNIgRQkBX3TxkspU,Squirrel Hill South,35.355769813809076
ChIJ_TOmxfbtNIgREOzdauNQIus,Point Breeze,36.06292703604366
ChIJxYa44v7xNIgRM0tbj-YIWG4,Squirrel Hill South,33.22585955749392
ChIJa2ZLkf7xNIgR0T4Mb28ngVY,Squirrel Hill South,32.36321818007729
ChIJ5zBe-P_tNIgRMzm5yHn9g0k,Squirrel Hill South,35.65755433509816
ChIJUWlACQDyNIgREUt5L5b1ccw,Squirrel Hill North,35.70223164106791
ChIJW4mbBNjzNIgRYmFrVv01reY,Squirrel Hill North,35.52704955256744
ChIJq2y5XPzxNIgR6am_dkfqh2c,Squirrel Hill South,31.03926445393175
ChIJh9UePtzzNIgRsWPBOb3uS9w,Squirrel Hill South,34.38934979014373
ChIJMaOoKfDxNIgRRtdwslgnQNY,Squirrel Hill South,32.50699267452827
ChIJOYLk35jzNIgR3SDcof8vRuY,Squirrel Hill South,34.751316150696006
ChIJ1UtXA63xNIgR-QiZCuSxq9k,Squirrel Hill South,30.84106307326829
ChIJKz22Ah_yNIgRbiYIedRcemI,Squirrel Hill North,31.142824101800713
ChIJG-eFCADyNIgRTaCHY2zqm1w,Squirrel Hill South,35.584779351181886
ChIJW8ApajbvNIgRQ9loNp2N3zc,New Homestead,23.40588480579075
ChIJCed4bubxNIgRlp7B_7Fdqw0,Greenfield,25.81686676554059
ChIJMeFNAFnxNIgR62Y1n_exNUU,Regent Square,36.99006732719306
ChIJOby4E-TvNIgRWcjBLfHJ-S4,Lincoln Place,18.7636158911601
ChIJ3TjCauTvNIgRdCnTzbVhSKM,Lincoln Place,18.781849537431345
ChIJ4fyYe8PtNIgRVpy6iAusL60,Lincoln-Lemington-Belmar,35.789705225780395
ChIJe59DvhPtNIgRQHy359SGF0E,Lincoln-Lemington-Belmar,35.798506590955874
ChIJf3pm97XsNIgRAK5HRi4gYrE,Lincoln-Lemington-Belmar,35.93695760341711
ChIJyQ0Jh3XyNIgRqa_YXoFXgkY,East Liberty,35.73192587597009
ChIJDfC91HLzNIgRArtzxCsywto,East Liberty,35.54571323582054
ChIJw6fvbfbtNIgRqWTFkxKrJTE,Bakery Square,35.91340887200669
ChIJFTbxe8TtNIgRad8ZhAxxCww,Bakery Square,35.863810616518876
ChIJ_YiyhabtNIgRbCv35jqJfJ0,Bakery Square,35.88249319563378
ChIJR2-dnCrtNIgR6a9zwrmhq6I,Bakery Square,35.89341414976652
ChIJl-J-t4rtNIgRpEmEk601GX8,East Liberty,35.83395726492019
ChIJmccYg5LtNIgR2eNthmMJg_g,Homewood West,36.046975584464725
ChIJVwsiqHTyNIgRA4eK4lD0_PM,Shadyside,35.64241666255616
ChIJZU5v0vbtNIgRMii7ACbO6JI,Point Breeze,36.080110882104776
ChIJ63Fc-0vtNIgRw2glXcAQpoA,Bakery Square,35.88617566199257
ChIJraxyITztNIgRGBukmraKAgU,Bakery Square,35.89341414976652
ChIJOR25pQzyNIgRs3ph0-Be0BQ,Shadyside,35.65258030586353
ChIJ9TDbxYrtNIgRObPCSOgy3AE,East Liberty,35.8291206232065
ChIJ8dgFY__xNIgRCzjxWltwItw,Squirrel Hill South,34.32424647803971
ChIJf6kfwMLtNIgRXT8RnzFUh9s,Regent Square,37.00146129442308
ChIJ24QQrXXuNIgRBYsiNnow9JA,Regent Square,36.99832473652794
ChIJT2VbCRvvNIgRmRFQP6K9iXw,Regent Square,36.9855098728212
ChIJB3sjdsfsNIgR2rV5Lh1JcBI,Lincoln-Lemington-Belmar,35.88483425540436
ChIJYbWigLXsNIgRVKwrXkzaj8g,Lincoln-Lemington-Belmar,35.934122171274325
ChIJzd4VsErtNIgRHQa3VqDnbgI,Lincoln-Lemington-Belmar,35.99027127732581
ChIJeSSmJRLtNIgRBOgP766JQ7I,Lincoln-Lemington-Belmar,35.868226887416085
ChIJhQxuGDaTNIgRooR0K7xcCc4,Lincoln-Lemington-Belmar,35.996126785718026
ChIJ13K0kUDtNIgRBTZWdoV4cDE,Lincoln-Lemington-Belmar,35.88483425540436
ChIJ-d12ncfsNIgRdZGi3XtccTQ,Lincoln-Lemington-Belmar,35.89725700186452
ChIJKYxxdsfsNIgRZsmnJBFzihQ,Lincoln-Lemington-Belmar,35.77996328310047
ChIJQ06KcDWTNIgR_KOB-hCyPO8,Lincoln-Lemington-Belmar,35.96324513742512
ChIJMzWYo7TtNIgRJKRSaMn2IvY,East Hills,36.82751082757355
ChIJweotuhHtNIgRWG1WxQOvrtI,Lincoln-Lemington-Belmar,35.96276674670616
ChIJcyYHp8rsNIgRHsRu6o0h96k,Lincoln-Lemington-Belmar,35.807235375153944
ChIJSxg7nsfsNIgROL-GRoQfvWM,Lincoln-Lemington-Belmar,35.78531228136257
ChIJy6fvtQntNIgRbwV3UV3y9jQ,Homewood West,36.15557551344662
ChIJtfL375LtNIgRoaRaH6Jvl7A,Homewood West,36.09768158459156
ChIJzwyZddvtNIgRs4e3uCsS1-s,Homewood North,36.35740277779176
ChIJ8YKHuArtNIgR-agLYrZ00-0,Homewood South,36.366960815918596
ChIJOUrEhvftNIgRExY3TbnV6-Y,Point Breeze,36.47425992752928
ChIJhy57tOntNIgROFIEFKXVngs,Point Breeze,36.471042072272475
ChIJq1hYRLHtNIgRdCtW_bZslaA,Regent Square,36.72593193760217
ChIJV6x6LsHtNIgRwp7VohSDHT4,Homewood South,36.558429015223034
ChIJhf_eEmztNIgRtb3sUYxdgag,Regent Square,36.73483328879302
ChIJx5twJ2zzNIgROW-CtRhUKys,Squirrel Hill South,35.509746362884485
ChIJBXsjpODtNIgRG6z6bTSjwNc,Regent Square,36.725936291617344
ChIJd6t7bKjtNIgRHcA-CrxDtDw,Regent Square,36.73158991390687
ChIJhZT5r9XtNIgRoapjTzxiSk8,Homewood South,36.71837261329552
ChIJUb5wEu3tNIgRivUh-Ckdlo4,Homewood North,36.67067811096515
ChIJ124PqiPtNIgRA-U3vYMZElE,Homewood North,36.66228922827435
ChIJLwMVDMbtNIgRBz19z_C0Gr4,Homewood South,36.719809658841754
ChIJYX8MOr_tNIgRy3u8brxJ7Vc,Homewood North,36.4640848030163
ChIJqXr2PsPtNIgRwLgSS75mbwg,Point Breeze,36.640247774293826
ChIJX8zp4sLtNIgR-Y_LhQ6wDe0,Point Breeze North,36.601553417445544
ChIJN3RDUXTuNIgR6nGsrFqr8E8,Regent Square,37.00992409615584
ChIJ0VPq8RvtNIgRj5Ga8BZOeHA,Lincoln-Lemington-Belmar,35.99741256141371
ChIJP-ftn8rsNIgRKFmLqVQEOs4,Lincoln-Lemington-Belmar,35.79986819556351
ChIJmQXUvBHtNIgRx7a8ckWj4Xo,Lincoln-Lemington-Belmar,35.919511038294985
