place_id,count
ChIJhYJfjL31NIgR3phOvhgBNEs,64
ChIJb1vGv1_2NIgRTz6RVpyC9Do,5
ChIJb1vGv1_2NIgRHMolqSfzEd4,7
ChIJX9Zv-Zz2NIgRuL5tXjwo8mU,26
ChIJPUHlkVH3NIgRMwVmDx22dPM,27
ChIJFboKMAD0NIgR3_ajWICnKI0,158
ChIJb1vGv1_2NIgRenmWzsqUhas,5
ChIJJ8cTqwX0NIgRX60PcZPX4Qk,115
ChIJ7WeBIaf1NIgRUhUutFl8HT4,65
ChIJZ9HVIeX3NIgR-RdDK-aoOsM,27
ChIJCZt9jGr0NIgRnHFkByewW6g,65
ChIJ9a5DwUXxNIgRC6-yEQyMP8U,63
ChIJNeHKtlTxNIgRckF-LWyvV9o,197
ChIJz9L393j1NIgRCTArZ4XFi04,37
ChIJW6W5FfzzNIgRi6lgJLW8Aho,258
ChIJA7LQoAnxNIgRgz6A5pCAn5Y,282
ChIJ5z5YBGzzNIgRu-3O-CYgRE8,96
ChIJe4jpY2fxNIgRn_6d_xowFCY,125
ChIJ1_J7HkrxNIgRfXm2Q5-nXq8,233
ChIJq6pqogL0NIgRHpeb1YPLYew,62
ChIJ11rR6lfxNIgR03gTMwov9Cw,268
ChIJx0xROVHxNIgRrOWSgKOkKQg,237
ChIJA6GHZ8LzNIgRlmHwal0mXe4,102
ChIJ1ap81jr3NIgRcMa0_B2Xiks,51
ChIJb16-F93zNIgRHTza1dKHLho,95
ChIJp9joIIzxNIgRDJd61ntI7Tg,247
ChIJj9KN2XTzNIgRcQ9pa7ipKc4,128
ChIJ65fOYW7xNIgRysm3Bt-J0tc,139
ChIJK8_lkybyNIgR43zvp69dapA,70
ChIJbarnmffzNIgRTTHTIIPolZg,146
ChIJbYHoGSvyNIgRMM_kAcafwn0,94
ChIJzcfPD0LxNIgRtxMnMJi_aes,165
ChIJU_bticTzNIgRITfeUtt1V5w,76
ChIJ1Rs45933NIgRw9lKs0mGS0o,4
ChIJb1vGv1_2NIgRIDgpsjE9d3Q,7
ChIJsRlsnIr2NIgRhMWMKrdRWY4,10
ChIJ7Qg5r9b1NIgRsfDQeFiPDQ0,54
ChIJX3TbmQT0NIgRjXCvau84uyM,113
ChIJVZKH5vDzNIgRtHfQm2LeeOE,133
ChIJQ-R_o2n0NIgRDT40vwLXim8,61
ChIJoYdANg_0NIgRPb8Dh39XL-Y,104
ChIJWdR2eVbxNIgRzpdEhWgxgmE,227
ChIJr9-tVFfxNIgRUSGsRKuY5Bg,242
ChIJMxT6nlPxNIgRFeNI5VxIRTk,226
ChIJ0TrRNxXzNIgRAhNJBe7AZ0U,232
ChIJ0QkVm4X1NIgRi5kgmNwBiIM,163
ChIJZXcN1HnzNIgR6bUI8nL1uV8,147
ChIJXd7742n3NIgRq9G16_xA6uI,26
ChIJp7J-MaL1NIgRYr9GHwUs5Ls,108
ChIJX5GVBIL1NIgRykfo3j2bR_Q,60
ChIJi4fvJZb2NIgRn4e39Wyovvc,16
ChIJaa78xV70NIgR2lYFoRs3cyU,45
ChIJLwV565z2NIgRIRvVCDCb7WI,26
ChIJqTRpZFr0NIgRfB8sXNIOp3o,49
ChIJy5jq0TjxNIgRcTz4JoBNDgo,132
ChIJb1vGv1_2NIgRSBcItOk_ru0,7
ChIJJZ5vVPX2NIgRSxdM1T5midk,9
ChIJlRGtqor2NIgROYUiwpdjbGg,9
ChIJ_8x4WV72NIgRdHZtt9X8GVU,4
ChIJt_Ur43L3NIgRacyHl8fofXc,27
ChIJu3SaTPX2NIgR74g_OkXoxZ0,9
ChIJD2S7oJf2NIgRlyHw08SanEo,18
ChIJOQEpVtn2NIgRYSWgTW5Jheg,33
ChIJ07YvcLH2NIgRYuOrEBUNga0,65
ChIJO_NPgjr3NIgRsh37RlCnxCg,51
ChIJS2LvJBXxNIgRrTEEM5y0G4g,173
ChIJj3vuFwX3NIgRb1BDekR9gfQ,5
ChIJNToRgcX1NIgR-GSNMKCtX1Y,114
ChIJz1P8hZz2NIgRRuLBP_kT7FA,23
ChIJt62jMx30NIgRibh1mXpcjig,43
ChIJnTohch30NIgR3yhnVJ8oJJc,60
ChIJBST-0Jj2NIgRuZY91BqYQY0,25
ChIJPz5dmKX2NIgRgcESndEXxLQ,28
ChIJbdz5ZEv1NIgRB59fHPt9DgA,60
ChIJ-QhLYVbxNIgR7Hk4Ca0Qesc,262
ChIJixr3YwL0NIgRIM-xM8ZFYFE,67
ChIJd7igQwT0NIgRioSao7dLIBc,117
ChIJQWJcZ0vxNIgR4EY0p31x-BU,91
ChIJKcgUmvfzNIgRBLShl8PA9U8,146
ChIJrU-zYQT0NIgRDOEgCd7HCKk,115
ChIJje1fLV3zNIgRPJ7_uwJbcxI,255
ChIJxTDgjgT0NIgRewoOyzRCUxE,114
ChIJe02f2ln0NIgRuSKZiAt1vyg,36
ChIJ61FkY1r0NIgRII7jzrAhpqM,48
ChIJNcn3HWj0NIgRSw7-siX98oE,65
ChIJDYClFV71NIgRhvMb_CtJ2L4,14
ChIJHWATNfDzNIgRDHPJXMN4wFw,118
ChIJm-T3ZwT0NIgRXhIHSZHyBB0,118
ChIJhxsVUjH1NIgRNfLs1waTrkc,71
ChIJbXv84wX0NIgRocFxXgoWztk,121
ChIJaZkHl_f1NIgRDo8-Ih0S-68,109
ChIJV-WNXQT0NIgRIlshvd0VSxE,118
ChIJjwuJs67zNIgRf-pZyHcOnq0,148
ChIJ-2C3sPfzNIgRpVpqW11Hncs,133
ChIJR4nVEVbxNIgRbbtd9j788xU,237
ChIJ35Bl9PjzNIgRTIhia8PVFEY,167
ChIJGRG_kPrzNIgRJRT0EjM9vSI,137
ChIJp2EIZfDzNIgRq-iQ1IuOs3Y,131
ChIJZapX9vjzNIgRSu7rbfVfChA,162
ChIJ09EneFjxNIgRypwsHoGxIE8,280
ChIJTySFk8PzNIgR9oYnssqat_A,136
ChIJl6nD-7HzNIgRcECP9TxqAgI,162
ChIJL9Eeh873NIgR2hDDPRrp9eQ,18
ChIJT3VNbcL2NIgRJhpHdjLRND0,12
ChIJa_26Rt32NIgR_dkqGwuJicE,21
ChIJC2lwoS73NIgRD03ZeaPgShI,29
ChIJi3B3Jdn2NIgRIBfXm2xDBdU,45
ChIJwW2TOhvxNIgRjQgQNnvtL1g,96
ChIJuWIkXnf3NIgRTkga-T2a3OU,34
ChIJsZMZQkvxNIgRTT3U6FiRBx4,87
ChIJNeGZU0rxNIgRF4szdKzPtMI,92
ChIJs2Jlv1bxNIgR1BjwPx-efhY,250
ChIJocY703XxNIgRA9d4UXqFr3Y,58
ChIJEX3InVbxNIgR7Ks0egVltU0,246
ChIJx5zxCnHxNIgRPH6fkywaXag,92
ChIJp-Y2qlr3NIgRnaDZ8mfO25w,30
ChIJVVUibMvzNIgRVZ1yKw3j6MI,58
ChIJe3ympVbxNIgRq2bl_i37GQA,250
ChIJw15qL3TxNIgR1-JYqkctWxo,58
ChIJ9buawkvyNIgRtuSs0OqiK6I,79
ChIJJdPcGIrzNIgR4he_3_nQQxM,92
ChIJT1r2IFj3NIgRrJ8iwasf9HE,29
ChIJ9xkce932NIgRSiyVq84hrKY,25
ChIJP26l3tzzNIgRyle3s1NMfac,32
ChIJUTCorzr3NIgRufBFZYqcUZU,42
ChIJV5T8ZFj3NIgRwPq8B4iUjYQ,13
ChIJ4122GCj3NIgR4EygOp9VQyw,44
ChIJ9R6o7hz3NIgRoXHX6b9F_yI,15
ChIJscaPKe_xNIgR2QpQkr3O8h8,185
ChIJt1-O1Tr3NIgRuWJRAaD-mmc,51
ChIJXTWUdlX3NIgRLsxLV-6novE,32
ChIJv-X66E3xNIgR4rFcM-iZBxQ,181
ChIJsb73t8v3NIgRXRpXRGzmj0U,13
ChIJq8aTMiD3NIgRhl34BM3M62I,29
ChIJnxGpywT3NIgR8_qyfVf3EM4,13
ChIJsf3U_i7xNIgRxQxY564cOZI,238
ChIJRVKiym7xNIgRPlAkUzhu6q4,151
ChIJfQnDg-LzNIgRW_Yv4dBCzIc,81
ChIJeSJPCur3NIgRG2JwDtlfD3s,32
ChIJAUeyl8f3NIgRTwaDXz1HcGs,51
ChIJPVFI4jD3NIgR5Jo9EvY00m8,50
ChIJ1Vd4DgX3NIgRFCXOWfWXvOw,7
ChIJ7UXxRAP0NIgRnHHdP7MB1zY,102
ChIJ59EdawP0NIgRRbOjAheTl7U,98
ChIJ0wO9t0b0NIgR1aZ3xP_Knco,57
ChIJb6K0JAT0NIgRDyAPYKZrgVw,121
ChIJk17kWQL0NIgRMkFV0rbi3l0,68
ChIJM_ImXwP0NIgRgEEMEoJeE9c,110
ChIJBRq4_cX1NIgR_V4__5IL_-Q,118
ChIJ2_KpOwL0NIgRlwzYNY03vzI,98
ChIJezxPEXzzNIgRRVigvGgRNHQ,247
ChIJI2q7FAL0NIgRUoBKaGaPw3A,70
ChIJg888LAD0NIgRv6CEQUat1uc,128
ChIJkzZRclbxNIgRVOheuNrywO8,227
ChIJHaLGRefzNIgRf_UaVEuRZtE,227
ChIJK5NZfKLzNIgR6G1JvYJpRLw,147
ChIJU-E_KhvzNIgRfi53Eoj79i8,133
ChIJ4ws4DVbxNIgRfdiGwIuzWB4,228
ChIJ90_BBVbxNIgRMNH1vKBRHmc,227
ChIJeXU5zVnxNIgR3UQGKB03IE8,259
ChIJ4SPCK1HxNIgR1cH9Pmy4gFI,252
ChIJReLa5-_zNIgRj2_pLh7ZKpQ,106
ChIJsy6SvvfzNIgRTl_IG4-Rel8,142
ChIJxw4q8gP0NIgRe9Z24doswug,115
ChIJt1OJZVbxNIgRby17EsOaQl8,263
ChIJ9y_Onk3yNIgRg1Zzijr0ge4,65
ChIJQaqAlUzxNIgRhBrec58hGCM,91
ChIJYT9vcx30NIgRcIAOt5Q9ngM,59
ChIJYwQ1VljxNIgRQTy1kUgaT0E,262
ChIJN04B10nxNIgRJp6B4Afp9iI,81
ChIJ2YbrXVjxNIgRhCOLgZcNS4k,267
ChIJS5rmxDr3NIgRUf_lWo0F_AU,50
ChIJv_rbhDr3NIgRUBkvX7v9iiY,51
ChIJr4Wg9TD3NIgR8jYspDUxnz8,53
ChIJn-G15zD3NIgRr6pChHoTvvg,48
ChIJQ9yvbpX3NIgRc042Rjs7NTk,51
ChIJA05yFiD3NIgRgQjy44EeirI,51
ChIJuXiLVh_3NIgR1gEbGJ7L4Ps,29
ChIJzSivPST3NIgRi2_ge7NCRnM,63
ChIJM0mc_tX3NIgRt5RrS_GeFIY,51
ChIJXYG7tf73NIgRy-hEEhs2izg,51
ChIJofC1eTD3NIgRdfPYN3H9CxI,51
ChIJD-2ViDD3NIgRYov1UwTv3rg,54
ChIJ3ejbFb_zNIgRbaGSDkFD6Jw,48
ChIJQXXnMXXzNIgRfNk6_IE9l7g,38
ChIJ81YsC1LyNIgRRnRiwcOybnk,61
ChIJm-4CqZzzNIgR7EX7MH7PMTg,65
ChIJ41sM7mjzNIgRgxftFyYQwM0,73
ChIJnUb3DUzzNIgRZorWWibf-lI,77
ChIJw5DqBxHyNIgRFODaRgikWLg,59
ChIJ6RdOswaNNIgREnfjwVbnn_I,0
ChIJ-6roCurzNIgRjTcSLTAsu9Y,61
ChIJx_dVIsHzNIgRVOx-Y_MMsvQ,131
ChIJyYvQIvzzNIgRxWHi73BFA8U,142
ChIJWc78NOLzNIgRcQKCaa4pSCU,222
ChIJpc-qDFjxNIgRSxroybLDy4s,283
ChIJZddMBN3zNIgRJiPR3CQJf-w,98
ChIJ1QoHqfrzNIgRXO5PEaJO_vs,128
ChIJQcMWoeLzNIgRHz4LnivIm98,243
ChIJA8jyCVjxNIgRaTBDzIS-Fvg,248
ChIJrwpSeeLzNIgRbnjwmHTf43k,240
ChIJaxLB3NzzNIgRc7BqXp2MCR4,93
ChIJMUZha1nzNIgRuii2YvwHVEE,98
ChIJddZ3-lTxNIgRh9LKI1XZ1kY,204
ChIJa7HnU_7zNIgRWgV7Uen_R4M,248
ChIJvfMuIwD0NIgR_OKU1NP3Exw,160
ChIJw7NZi__zNIgRwcp5kxJAErk,218
ChIJRQEFlf7zNIgRZxLBLf1DxmA,248
ChIJWWjFalTxNIgRZEwdzBj_toI,240
ChIJc7hNuRj1NIgRDSy7LYfY3bI,159
ChIJrd_MPQD0NIgRaQcAurQ7VPk,140
ChIJp1tqyuvxNIgROzXlw3OKjeA,251
ChIJSe13JrnxNIgRyRAtLq7DTp0,197
ChIJa_ZAqf_zNIgRKc3voIHKeuM,262
ChIJ__6MLQD0NIgR7tpx9fGzBjQ,145
ChIJDQkHmlPxNIgR-RYTgv_3ExM,224
ChIJLRZdz1bxNIgRliKBNNMrj_E,250
ChIJJZ51f1bxNIgRI-T-G9szLw8,252
ChIJMZ8fmvfzNIgRqO6p4m40WIw,147
ChIJYWwmlFbxNIgRyjrXVFPWaOU,247
ChIJUQ8c81bxNIgRnioofxjN84M,252
ChIJD_J0PCrxNIgROmvTjJtU6kE,274
ChIJ8-GimDjxNIgRlApecn2qzWA,225
ChIJLbPZlVbxNIgRUiWtcqhZS7k,248
ChIJG461q1fxNIgRnD8-ZYNshCY,269
ChIJfUvFfeLzNIgRJJG8TAOKGd8,238
ChIJnU-ekU3xNIgR8qOJqcNzFuw,183
ChIJ62Pn2n33NIgRrYZKBe7etvk,82
ChIJjcVAx03xNIgRSaYa9eOR2w4,184
ChIJ3VDw7E7xNIgRUv1mm2F058s,185
ChIJ28OHmk3xNIgRqZ-UsFZhcyY,185
ChIJ2UjFe03xNIgRXZtF7LtXxG4,179
ChIJPxm6vcfxNIgRojt2mErBxbY,166
ChIJncbtvEzxNIgRtSOWudAmLC4,87
ChIJ97bZIDvxNIgRldtplCLSAPI,89
ChIJK0Gg3U3xNIgR91MmvokkqIE,187
ChIJm2qSLZTxNIgR5kVTyhhdUug,237
ChIJ-VSo4lDxNIgR5Um8EhNVwxI,237
ChIJD6AqwRbxNIgRxgnRCFCakqw,93
ChIJ2RRre0vxNIgRuxbJ4vUVihI,92
ChIJlSvOwErxNIgR5OhwkzwKGwk,92
ChIJPy82mmztNIgR7tCHRZTuVnc,84
ChIJE59EiL_xNIgRXf3_akS30ws,246
ChIJfc_Zu1bxNIgROLsTbfhJid0,250
ChIJsZZF2lbxNIgRpdJqZpHqous,245
ChIJSwaAUkrxNIgROMtq9x4yXuI,92
ChIJsbm8TObxNIgRwXwg-ldV4Hg,85
ChIJCUPo71PxNIgRAtgoTa99NOA,231
ChIJCUPo71PxNIgR0DN7_HDvu2o,224
ChIJBbsKoFbxNIgRfZy_c4Gysew,241
ChIJO1CPWlHxNIgRyejwmfRjHB4,227
ChIJsW0CpVbxNIgRtyWHiG9FaQU,250
ChIJUwZBnrbxNIgRwazqpmcSdnQ,241
ChIJj8FQr1bxNIgRMi2X2oGQ9pY,250
ChIJXXutnFbxNIgR7UUU81s_VKg,251
ChIJgW-aDwvxNIgReJCD03Fe2LI,247
ChIJHct_wFbxNIgRaO_h4WbplGk,250
ChIJKYXik1bxNIgRbgJ_mtNfjoM,248
ChIJofJwzFbxNIgRC57bGvzRYKE,238
ChIJN-VSlFbxNIgR40s5WO41qgw,252
ChIJlww-71bxNIgRztXdqne3Q6s,255
ChIJi3bz5VrxNIgRkavQ5Zu528M,259
ChIJ09FFvEzxNIgRcfAZqB7fJQQ,88
ChIJB5KDhyP3NIgRGNuBqbSdhzA,57
ChIJbxpRjNP2NIgRtmdSg1GSF3U,40
ChIJr52bIdfwNIgROKgSIYc0acs,52
ChIJ9X4UwTr3NIgRvcIUkP2SQ6Q,48
ChIJ23afgCP3NIgR7bEKy2YjJJY,53
ChIJhxspC8bwNIgROEnnc8MsGvs,45
ChIJY4oV6DjxNIgRmaNZyV7lqY8,134
ChIJR1p9kFbyNIgRDZ210Bg9nvk,34
ChIJV79ZZlHyNIgRA3nFHpLybEU,55
ChIJDxKskE3yNIgRZVoDJ9pI2OE,64
ChIJ1a5WTUbyNIgRjZqErFhIgMQ,73
ChIJrYigp_fyNIgRIWG-ie1s0kI,21
ChIJFWbwNU_yNIgRFCEuSZi60Es,83
ChIJTQPE-rTzNIgRoMiCLq3FCBs,71
ChIJUWs5GN3zNIgRPZqcckSz0q4,95
ChIJBz2zA7XzNIgRZbcBa1o8x_c,71
ChIJ8zAcVLPzNIgRhsHbKaVgfnM,68
ChIJbTN0U7PzNIgRbg-WVM1LlSU,68
ChIJdfRhi03yNIgRi_2aR5XCEWU,63
ChIJOYR7bvrzNIgRU3s9yPaP8Pg,134
ChIJ0axKmvfzNIgRdOPqQczWrDs,146
ChIJg3MvBfvzNIgRBRpa3nA5RfY,184
ChIJ8_mSHvzzNIgRgXf7fVX2PTM,253
ChIJ41z6CN3zNIgR_ECPHXVS9Nc,98
ChIJrSNnoeLzNIgRXD5Z5bgDx6U,244
ChIJv2DWlv7zNIgRTTz0tEVx4Ok,251
ChIJs2c8p1nxNIgR86FIs2IuGqc,255
ChIJGfCWEFfxNIgRKdud4avVJZk,258
ChIJ5a71UVbxNIgR_fJVD9BCDHo,265
ChIJa5piL1jxNIgRHlJLyZ0aFUY,259
ChIJVVUVbFfxNIgR7c7mF2aGn0Q,254
ChIJAQCw1FfxNIgR8gdJyIh-4fM,240
ChIJm3zjGljxNIgRNMxVoo4hgQo,278
ChIJdVAc-9rzNIgR3tlczynQE98,237
ChIJbYs7u27xNIgR9Bj9SpqyYwY,227
ChIJZ0VnWfTxNIgRzwmWRLP4sy4,275
ChIJ47M0F1jxNIgRBCssOalS4ck,275
ChIJSVQ4lcfxNIgRO6wvcKZLAQI,267
ChIJLe2gNljxNIgRyIt5PgU3xtk,257
ChIJ1QL2R1bxNIgR3zR9Fz4lorg,230
ChIJue7G_FfxNIgR3YWf7Tdt2aY,242
ChIJoaEBy7LxNIgRW6AehuboyTg,267
ChIJG6g-slDxNIgR2g4PV1mDO8I,237
ChIJMwNf-k3xNIgRKJcrlH1YVqQ,241
ChIJr_gB_1DxNIgRCr0YYUObyHE,236
ChIJq6rq5FnxNIgRP_IpsWEb7ac,242
ChIJbWn2y1DxNIgR1w7n95vU5j0,237
ChIJbUeFn1DxNIgRNsB4lETrxQ0,249
ChIJ_WoVTvLxNIgRl_aBTlrZpHs,227
ChIJwz1LyVbxNIgRV4OR92L-fKw,238
ChIJZ3vhFKPxNIgRSUQGsPjO7_Q,237
ChIJgVzfkprxNIgRPyQGLv0LJ78,237
ChIJr5_PwVnxNIgRW6wYCkEkfv0,247
ChIJ3WOGtlnxNIgRDcTKCXS0GOw,259
ChIJo5IOulDxNIgRCjQSyJviOTM,238
ChIJHeyUo-LzNIgR1FphGl0EYGo,244
ChIJaaV-6NzzNIgRronh-wKb0Kw,95
ChIJkTpzVVjxNIgRLn0Nwuexkxw,224
ChIJn6HNhN3zNIgRzL37A1e_8Pg,101
ChIJMYlAHN3zNIgRSTPlPwIwyzg,93
ChIJSZ0k9kXxNIgRgxF44U8rvBM,173
ChIJbUeFn1DxNIgRb6LHmi3H2zE,250
ChIJIQEzxDjxNIgRJm65XjBjXsA,138
ChIJTV6FuofxNIgRnxnw7JRHYCs,238
ChIJuxAlNFHxNIgR4kI1EDAKexg,237
ChIJi43421bxNIgRNnTCIKWZxi8,251
ChIJ73N-3lDxNIgRUzUPEX1E2-A,237
ChIJJ1RKHFHxNIgRpVIPCvW5ZIs,238
ChIJ6XpPWDvxNIgRy_iCBCIKULs,239
ChIJi_tCb1rxNIgRpCJk0phr6Hk,264
ChIJo1_OeVrxNIgRBzYzhDgFDUs,254
ChIJpbLpKfDxNIgR13yY0Fj4pjk,243
ChIJy8kvq17xNIgRh6cfPc53b3g,243
ChIJtXxPKjrxNIgRq5eY7Y0jNpk,245
ChIJP0u4k-HxNIgRpuycPjn19k8,177
ChIJO1CPWlHxNIgR-qYYdSPvOPU,249
ChIJw-nExTjxNIgRxv_bo1Oofp4,139
ChIJV0iQSDjxNIgRzGYFE9hqmpQ,122
ChIJwVp98DjxNIgRXUNgcwCduIk,138
ChIJz-V3hvrzNIgRnEmbGkha4AE,182
ChIJUcZs5GnxNIgRDlz3mm9blf8,145
ChIJjxOdCELxNIgREF2hytDWW6w,159
ChIJe1ws7mnxNIgRO0liAjIzxa0,148
ChIJA8Cr32vxNIgRTtKdJVxfpH8,145
ChIJQ4EHnmnxNIgRga05PiZw2jk,146
ChIJaTTi3hXxNIgRB4gYqFZVmWU,150
ChIJd-vid9vxNIgRMVnwpRrgj6g,137
ChIJb2a-1drxNIgR6frl-1OAOyI,203
ChIJVUk52SDxNIgRYxrLC7R4pIs,81
ChIJ828bGiPxNIgR0SR1tTIcUbs,89
ChIJ0fRwkm7xNIgR4aK-gr_V2RY,146
ChIJX9isi27xNIgRWY6b4OmCnQY,141
ChIJFS5dgnbxNIgRsl0CMLInqOI,53
ChIJgzGA2snzNIgR59oa3k5YAL4,151
ChIJu8_ZdWnxNIgR8N1ozNLZCRY,145
ChIJR-aD_lzxNIgRSD7XXZLNgY8,56
ChIJW_6TiQT0NIgRg7tUbgG1dKM,154
ChIJPQBa7mnxNIgRrZuzs6OPCuc,146
ChIJiRQnssLwNIgR1tRZcU51tks,66
ChIJcWRRYMXwNIgRPVKPEUEB2Cg,55
ChIJ55ZDhCDxNIgR_psxm9MMqZw,90
ChIJvXzHpsLwNIgR2sPrq8hj4bs,66
ChIJPX3HpsLwNIgR7_u605fuHUY,66
ChIJ_1b4IbjwNIgRjYRAhKZ1wTY,18
ChIJ0Tm13OvwNIgRd6Cyi2zNqzY,39
ChIJowOx8_TxNIgRcQXbjaDQvo0,43
ChIJ8VB-Df_xNIgRa-D5onRVEdU,58
ChIJvcPoEB_yNIgR-TeMN1nZJgg,25
ChIJmUD-Tg_yNIgRjX-pVSnbHHA,47
ChIJwaWqIiTyNIgRTdPU35k894M,61
ChIJPdv8abnwNIgRa5VzInjhU88,17
ChIJC_YhYcDzNIgRVzMjLFx3HZ8,56
ChIJJe_uOcDzNIgR8YLaMjdCm2g,56
ChIJiRi3FsPzNIgR5toi1zAe7_M,73
ChIJLRHyqyrzNIgRg1E9MSopuwM,53
ChIJR8TLzHzzNIgReN19aeZvS6k,71
ChIJR-ud98TzNIgREwnaG2ksz6k,77
ChIJs4HYnE_zNIgRoYZtaOT_RTM,77
ChIJoWlLstzzNIgRDds3XRCI9mk,70
ChIJrVe4FsPzNIgRaWOwAtTRFbM,73
ChIJoViZxtzzNIgR--aU6Fhglr4,96
ChIJOZR61MDzNIgRsoLC_sqy2Os,77
ChIJ4SrQ-rTzNIgRBCWal8EzERk,71
ChIJF93Zb9HzNIgRaXsPqpc12X4,107
ChIJE4Rn39zzNIgReCoU59ojZys,92
ChIJ32HHK-7zNIgR2F3P1Ze_Veo,79
ChIJubqwEWHtNIgRtWvOBB7IOkk,103
ChIJ5UoaTrPzNIgR67C6D3W0d-M,67
ChIJZSp_uMXzNIgRfjYvmWaoQis,71
ChIJlSQhw9zzNIgRulyV3c9lAFY,94
ChIJp6IO5NzzNIgRrBFr-HBNTP0,95
ChIJj_TW6dzzNIgR-ibsuSNRjGE,95
ChIJ7xNwnN3zNIgRKFNb1CKtMbU,104
ChIJ4UfTPd3zNIgR34mdMng6L5A,94
ChIJX86zgOLzNIgRLAZcZrqlxGM,234
ChIJkeH5HDDxNIgRIVYWkBVWnIA,142
ChIJq3phq17xNIgRucm5U8KKeBw,245
ChIJHxjv8F7xNIgRhDVc5_DVaDQ,215
ChIJXZF5KTDyNIgR5hj8iNmdfOA,213
ChIJd14Rc17xNIgRMq985izx13w,191
ChIJQVSrW-zxNIgRcGkeWKriZio,254
ChIJ3wKdPGnxNIgRiJtL1pd8CF8,149
ChIJLQtjK7PxNIgR5YlDhRrYYo8,206
ChIJg1Gg6P_xNIgRRNlkdMt6ZPY,209
ChIJTZLQxGDxNIgRHeH4OnpKHTQ,115
ChIJ6TMXpl7xNIgR4-vh9b4eCeg,231
ChIJF7esbWnxNIgR1m6Ch1_sDic,147
ChIJUfzmm2nxNIgRmaf5sdOhKns,146
ChIJb124KRvxNIgRtPTtULeDL9Y,145
ChIJX0eblW7xNIgR_VvkZXA_YRQ,152
ChIJHVYbynbxNIgRuQy3ve8SLac,70
ChIJVV_6nJ_xNIgRSoAWAJqhnJI,145
ChIJKbZvAhzxNIgRTYPC3TADwBE,148
ChIJGd8THP3xNIgRjVDaUr8_mzs,146
ChIJ-Qv-FjPxNIgRtnYGlH8BN7o,151
ChIJ0f005GnxNIgR97iNHfJPwho,147
ChIJv--DbWnxNIgRR7NSNMmRJOA,145
ChIJKXoXk2nxNIgRGa8v_798ORA,143
ChIJZfTzP2nxNIgRuAaYOtWmtWc,150
ChIJD2K7dGnxNIgRzr9L22s5MRg,146
ChIJdZjQx27xNIgROx5Oy5ORrK0,153
ChIJRZ2ndmnxNIgR8ubLmtt-fhs,145
ChIJ1YxkmmnxNIgRbGCperwJue4,141
ChIJqd6KkGnxNIgRRAxQ-Cq5Has,142
ChIJw0UXPDvxNIgRKbRr3ODSkC4,152
ChIJizwqlW7xNIgRYil6lwmWaow,153
ChIJZzOOvrDxNIgRg3CDDJJaEco,124
ChIJZd0nQGnxNIgRVWIUfq3N0l0,146
ChIJWajYRm7xNIgRYWzHvQBIa_k,136
ChIJ7ZiQ9W7xNIgRt5WKRIutn08,102
ChIJW8GZyW7xNIgRbBA2PEWplXk,151
ChIJB6QELSHxNIgRFWoBt8KHtiI,90
ChIJD5Ibv3bxNIgRgC3PVYseHn8,61
ChIJXfIN9m7xNIgRyqsVaf_yOWQ,106
ChIJyxPbaCPpNIgR6KLDgF5MuNk,49
ChIJFUVyIG7xNIgR5d5VLBb0k4s,112
ChIJczlgxCDxNIgRGWhgh5XDnAE,84
ChIJGWNH4HHxNIgRYt3EYmLzA-c,112
ChIJ4aw8mCPxNIgRc6Gb9jfvg_4,88
ChIJ3ZWSAabxNIgRDS03BIHhFAk,59
ChIJs9-69dzwNIgRmMDd8euPa28,81
ChIJ2U_hO-3wNIgRkJ7de0Oawu4,17
ChIJUQEBv6fxNIgRkXZoyTMAHME,80
ChIJjzk48mDzNIgRrWSmLUdNN3M,53
ChIJp_wPvlXzNIgR1ua9flvQiQ8,67
ChIJNdRSlcjzNIgRKztXRZ8R3os,61
ChIJoztp4qvzNIgR1Yvp3Oo6gUk,71
ChIJGyHKJrP3NIgRsdwacPEvZDg,68
ChIJ0TkalrTzNIgR3WQ1VOvp8Jg,70
ChIJu8lO6bTzNIgRTk57p9qMxLQ,69
ChIJC93yEiXuNIgRUWEZNBBXrYM,68
ChIJv6siiU3yNIgRY1K4PUwSTvY,63
ChIJKT2mUrXzNIgRP_zITVG6-1s,68
ChIJYWX4vDrzNIgRZHYf7f0e8w0,80
ChIJ2x9UxjDyNIgRAlU-QHejcTs,71
ChIJ_85cpLTzNIgRQYRrGbqmWlI,67
ChIJreSQbVjzNIgRfhAd0MtwMPo,67
ChIJb026fVHyNIgRp717s78G9n0,60
ChIJb1Oiq7_zNIgRIftDhyB5qEc,96
ChIJp-5aZRLyNIgRkGsFTHQ2OGQ,84
ChIJG3EpCfjyNIgRbG7YUK8ClBY,23
ChIJDf-mDDbzNIgRYxlIXsGv76c,74
ChIJ0acBsvmrx4kRaV6f_qdOUVs,21
ChIJqb4XHt3zNIgRRGgpc6DL0Lo,93
ChIJUczDttzzNIgRIVsSTlzSbOQ,92
ChIJ_VG7C93zNIgR7MsvZAToDto,98
ChIJNepsId3zNIgRQqFF2SGWTQI,95
ChIJZ5ZEkM7zNIgRbD1UL6cJ2m0,73
ChIJVfY3m93zNIgRlQH21q_BzX4,106
ChIJC5mCXMPzNIgRiI9oZz5oGPc,73
ChIJP1gKhd3zNIgRnPIt3JMP6Q4,101
ChIJ05Zle6vzNIgR5d6-XIDBWbE,102
ChIJu7QfWMPzNIgRRaou7cEJEUk,73
ChIJWWTKt9zzNIgRrgG3CUToFPg,93
ChIJnUZLROfzNIgRQV-liGcW3U4,101
ChIJBfSEzHLzNIgRJoAqEQ80YyI,105
ChIJOzazI1zxNIgRiZ9pk0xBUKk,206
ChIJ9zVB7l7xNIgRyZZ_5mAAbjU,220
ChIJtb0u8NbzNIgReePPnLFXb6s,107
ChIJt95YkHPxNIgRxayX-1nNn5I,136
ChIJdcG-um_xNIgRfiBDvgcv6Og,132
ChIJ10MJKg33NIgRr3hoZDWnQMI,175
ChIJ9-mKyGDxNIgRGih_46RNh0c,115
ChIJAS82ZknzNIgRwpAOZRJjAzk,105
ChIJP4v3IdHzNIgRtd_UuEQTSjo,107
ChIJcRE8sXbxNIgRCl1ddzPyiMA,65
ChIJGdtGwnHxNIgRvQ0uCvJ1mdg,80
ChIJ7ZptpnbxNIgRcyXrZDisGg4,61
ChIJywg6QG7xNIgRIBl4ypC_GHA,136
ChIJfUaaHmXxNIgREzmT38FjoRM,66
ChIJi-9pQW7xNIgRChu2hMipzaA,139
ChIJac7x_uvxNIgRowRCaqp-Los,142
ChIJveO2t3bxNIgRR0FnNBRehMo,69
ChIJv90jIHTxNIgRSnlTE4DPXT8,56
ChIJz1REkm7xNIgRaCxSYHQ0JeQ,145
ChIJw8e2im7xNIgRIOv06P2gPEw,139
ChIJVV4HnqLxNIgRxbPYfPin_Wo,68
ChIJ9b8gGVLyNIgRZyoRQ5by93c,59
ChIJE8F5jc3zNIgRv9cjRb4OUzA,58
ChIJVbQic9zzNIgRmEsQQXRvNm0,65
ChIJqxndwrHzNIgRUt455T2q_bE,59
ChIJhbb-m03yNIgRUsWJ-htXSRY,64
ChIJi32qHBHyNIgRxPtrUFhiLBc,67
ChIJv3LUorTzNIgRvwY5DAgTA1s,69
ChIJ9w2zjBDzNIgRW-TDzTHGVVg,87
ChIJ_QYsGFLyNIgRZy6AxOT0gq8,59
ChIJb51c3NPzNIgRyc9mwNxQT8s,68
ChIJfdbjNknyNIgRfLIY5-dxlQQ,90
ChIJ66LSFVLyNIgRtZXizJSCCGk,59
ChIJzV7wK0nyNIgRgtFZ1GerHV0,91
ChIJTdlGrlzzNIgRIQf1pxrBMXc,68
ChIJoacKHk3yNIgRuTyIvX6tIHY,69
ChIJrzelqffzNIgRnDkl4GRkyd8,68
ChIJV4HpDlLyNIgRnw3FBi-owp4,58
ChIJ4at4NE_yNIgRDPjJG9F_BQQ,81
ChIJacdcMk_yNIgRdHtaOoDoiSk,81
ChIJl93RPCLzNIgRTN1yoqz3FJc,86
ChIJbyBaslfyNIgRHs3um_NSygY,27
ChIJ9RuVqkfyNIgRkMqRFmij0AE,78
ChIJByWbqoDzNIgRIYQGeZ3DGHU,27
ChIJ157INUbyNIgRIdYcEKwlsxk,68
ChIJk8LxzX_zNIgROyn2KZl4J24,31
ChIJXxJOonLzNIgRLoWk4qqp7D8,68
ChIJtwdryN_zNIgR9QxZXCx3HHw,59
ChIJ6RYU1U7yNIgRW5lPuLNmkNQ,88
ChIJB0uhKaHzNIgRFQoE7SpNQZA,67
ChIJfSLmpRfzNIgRuTB2LzQlRs0,68
ChIJLwtmuhHyNIgReiO08BCqkNI,63
ChIJBYF_qoDxNIgRoaFKe3aGAUU,80
ChIJfRdWuTDzNIgRW8di8Tv5olc,69
ChIJOTAqXE_yNIgRyx9s6-XdtQM,84
ChIJ8_YI2yrzNIgRcfvIx_LhAQQ,12
ChIJ6xQhKULyNIgRH96iN5Qnnxw,74
ChIJPSw-jertNIgRgG-xMXHio4w,128
ChIJp6r2KhLzNIgR39o6aPGr5ec,93
ChIJiwd0_inyNIgRNEnkdvQOwvw,80
ChIJw-xxVofxNIgRPoR9kR0qQaU,79
ChIJP6hIlSnyNIgRRIKYd7itnC0,80
ChIJA16Qmy3zNIgR0tie1DsJWr8,93
ChIJuY1kwinyNIgRXavpCzppwNk,81
ChIJ3Ta93CnyNIgR76BIIq9wi00,80
ChIJNVEpiefzNIgRTduxmt_kOCo,80
ChIJi06JU9PzNIgRWcHN_LT8uAE,87
ChIJAcDfbGvzNIgRyx-DeVLDdY8,82
ChIJ-1R-5SnyNIgRKb70_DsecYU,82
ChIJ-0vjBabzNIgRzOvXp_ZUqoU,79
ChIJHf2pVZTxNIgR4QKTat1XtxI,81
ChIJCwnMDlPzNIgRRHEeV5sDmA4,82
ChIJn-bH7inyNIgRFEdw1AiECjY,81
ChIJmyZSvCnyNIgRudsdwbZLMDw,82
ChIJb4-q6inyNIgR-w9Vd5a_dpg,80
ChIJdU1TE_LzNIgRcLiw01-pwh8,82
ChIJqSCdRijzNIgRVC0pUVzkL3Q,94
ChIJtQ_i3inyNIgRFnjm8Qyamig,81
ChIJnYeF6ynyNIgRpvE8GG_enX0,81
ChIJMRkulSnyNIgRFX20W4CdRes,83
ChIJLQyxHSryNIgRvsaMdRFuWsc,87
ChIJJ60ZlSnyNIgRFu7xM8GVStE,83
ChIJb76tAYjzNIgRYeg8b2Ci_oY,79
ChIJoaSk8TnzNIgRq6xVnf01Ko4,81
ChIJQ3eP_inyNIgRyd2ktjamxqM,79
ChIJDxOukArxNIgR5NksBn-2nC4,81
ChIJGQpeNXPzNIgRxDow-rr88Kg,89
ChIJSxQZLJ7zNIgRt0maU__sOYY,79
ChIJ__8_x4DxNIgR5k99DeUY1-w,81
ChIJLSVQY4fxNIgRMAPUHHWIggE,79
ChIJjXscMC_yNIgRXcUITF3MvRs,76
ChIJwa8K8MbzNIgRdkBi8pwcpGo,95
ChIJB8suhyjyNIgROsd4vPcFiDU,74
ChIJM5JDtenzNIgRsIpiW9_DigU,73
ChIJH8xSoIfxNIgRtnPuXCx47ng,72
ChIJ__8yAyryNIgR_X6MMQ2OPrk,89
ChIJzwS4zTryNIgRGmSRESQtGHo,58
ChIJy9Po4h7yNIgR_nLyDFmCL6g,87
ChIJq7q0zTTyNIgRShTahHUtqyw,52
ChIJaev7FCnyNIgR7BJTDJPlFOM,89
ChIJyRkoBEHzNIgRtZV4aLqB6xg,79
ChIJjfwiuinyNIgRey6wSiNVUAg,79
ChIJ4xNi4ynyNIgRU6IpTDdsfrM,81
ChIJYWiRwSnyNIgRRiyWeUcn9FM,79
ChIJSTQfZCryNIgRJEejULSwP5Y,93
ChIJizXqDxTzNIgRKmZwV7ss8C4,76
ChIJz3BPwSnyNIgRhdkfXHh9mgQ,80
ChIJow9HHSnyNIgRoRs_E9gDDeQ,86
ChIJKwX1vgLxNIgRgCuBdQYLd24,81
ChIJC8I6mezzNIgRQ0_54AxTzTE,22
ChIJNRjc6X_xNIgRhXvV7E7TE-U,81
ChIJTY6wvZTzNIgRSrzuVfOPKcs,57
ChIJRxOXPyTyNIgRjMgvDNxh39A,62
ChIJlfRanibyNIgRcoAza6F4sdI,64
ChIJE8r9NXbxNIgR2_MNy57jGM4,50
ChIJxelDPHTxNIgRZ7036R6TvgA,62
ChIJU9n6WoDxNIgRBw0y9nj-lbI,82
ChIJ__9zECL0NIgRqH1N19NUVAk,51
ChIJw7kWe4fxNIgRNi3MzDaZuAI,80
ChIJzZey4HHxNIgRf8mSxBOeOng,112
ChIJKaoVAvvxNIgRxXDV1rIC610,79
ChIJy7yEyYfxNIgRTRR-MtN9sT0,73
ChIJT42nXW7xNIgRc_TKySMF3x8,141
ChIJk8C3QG7xNIgRPD3JpUj0Qpw,132
ChIJP7eXjKXxNIgR2mpwikchvlk,12
ChIJbZevISTyNIgRmAk5MgJN5NY,65
ChIJL3ujxP3zNIgR9aqygXcUHAY,65
ChIJjxs73dfzNIgRJKu3w6JJw-M,23
ChIJYYWWt3HzNIgRdbh0dC_GfCA,23
ChIJ2yPqm_fyNIgRrX4_XAqLAjw,21
ChIJAeVyyVfyNIgRJl5qfH2SbDs,27
ChIJZ43akkLzNIgR8d78OnpSbUU,63
ChIJW0b6r27yNIgRV0KQXfeQCMA,83
ChIJz3cUGkLyNIgRWLMkcBK2edg,77
ChIJRfmwWXvzNIgRLV4SEczR2PU,67
ChIJqbAgM-LzNIgR9JdYfVlf4w8,70
ChIJOw-0W3PyNIgREBWiJADqrgk,91
ChIJkYOyh4DtNIgRp0mPbsULPU0,28
ChIJuYpNim7yNIgRgOOuYecW9ag,91
ChIJrcryYsvzNIgRekOzasoDnuc,73
ChIJexev_mXzNIgRjT3AugIbp88,106
ChIJmyJTe2_zNIgRKBsnWlOKuw4,80
ChIJc2i5EkfuNIgRzpOA4y_aYxQ,59
ChIJ4-N0iWbzNIgRo3uX-BqAKmc,92
ChIJaZJLQEfyNIgRjqYnaTYeoN0,79
ChIJAeBK2HzzNIgRM7u_R11SedE,81
ChIJbz5zt63zNIgRUEkiTNwcn6A,82
ChIJzSCE0kPyNIgRBzJJwOyniQE,74
ChIJSegbAUfyNIgRxWUkXGV0_sM,79
ChIJU1c6EUfyNIgRg8gKJwQNl4c,69
ChIJA0IuNUbyNIgRuikoLdVougk,72
ChIJSbERT0fyNIgRGxDyCmC7sAY,86
ChIJn862SEfyNIgRVibDFUOQzsI,85
ChIJm_WKOEfyNIgRQ-5OJMzSLRY,75
ChIJz3fkUU_yNIgRz8ny6o9Dcos,87
ChIJLfzKFEfyNIgR6L1Z3Rj0Q2c,71
ChIJ9Q1kJUTyNIgRuvW9f60WFmI,70
ChIJifg4qkfyNIgR78eJjin8_cI,78
ChIJmTdGy0fyNIgRnBcu5zadtoQ,71
ChIJ3fG3zUPyNIgRU9Xm67yqrSY,73
ChIJF27Hp0fyNIgRnZHhBa75CIw,79
ChIJQft3kaTzNIgRetJTJOLl88g,84
ChIJqXdRmU3yNIgRTtYlLipakCI,79
ChIJv80hSkfyNIgRNZnI9Dxc-n4,85
ChIJkbYAo1jzNIgRxpuolX6I6Dc,71
ChIJ7Qm3oEDyNIgRVTUeVHYmEuE,92
ChIJV9x5pxXyNIgR5rO9GDHxInE,67
ChIJLQOJMgDyNIgR7G4Ga-wAzg8,52
ChIJ_06ucs7zNIgRoAhVQhjtRk8,73
ChIJxW7K-jryNIgRnoy_fq22O7U,60
ChIJD8Ov2h_zNIgRcC-PyQkIVys,57
ChIJ9d9pts7zNIgRT8U7X54jHzw,61
ChIJ68CEWyjzNIgR-x4agZBK-9g,57
ChIJvclwjTryNIgRWg9iEnHdW9w,59
ChIJXVu_qDvyNIgRXfFlNXIhA7A,69
ChIJh39tef2Gj4AR0rCRdkJDRl4,57
ChIJjcep-TryNIgRNOeLcqAUXp4,60
ChIJf90kgzryNIgRFF3DT6QETbQ,60
ChIJVyjr-TvyNIgR_bA14kixa-0,75
ChIJ0dtd0E3zNIgRBQOjqm70vHg,59
ChIJv-unHcvzNIgRAes227yxYVI,79
ChIJ4-WUitXzNIgRdsjqRrkobhc,68
ChIJ-7BxngHzNIgRV0Gtee2KWv8,93
ChIJcahYNUbyNIgRkh-YFLBrnyk,82
ChIJiYokHjzyNIgRtnsi_6a_MPk,76
ChIJb9ShrhHyNIgR5gt3ZnhARJQ,58
ChIJn5pnWB_yNIgR9toCB8xF8gk,33
ChIJX3bwXRTyNIgRCkbmjnSURuI,70
ChIJiSir5f7xNIgR2sBfHI9HoI8,58
ChIJjx4DoCbyNIgRa4xgF5MtWX8,65
ChIJhSAtHyTyNIgRDUVWLHZNrmQ,59
ChIJ784vwP7zNIgRbVdQMYJd8MA,81
ChIJFdDEVBjzNIgRzH8p4nOhS7U,59
ChIJgeoC3zPzNIgRQEm9X1cMZTE,73
ChIJd3hRoCbyNIgR_0WAdbtJq5E,64
ChIJM9nnvfXzNIgRswPFCZ3qSQI,88
ChIJayydoqzzNIgRDrjYoB3MSj8,60
ChIJ-7qz81zzNIgRK5B95UI4tk0,65
ChIJ2R-WpibyNIgRtfRjFfy1W7g,63
ChIJ1waLE0zzNIgRpQAnf7nEMdo,74
ChIJ5VuSdJ7zNIgRmKAAM6I1Rnk,78
ChIJ8T0O8GHzNIgRWEN_D2SXmGo,69
ChIJAcntoSbyNIgRJ_tqs7HosP8,64
ChIJK2J2cOLzNIgRq2PMUDOTQZA,47
ChIJSchDPYrxNIgRprhtd8o3qXc,45
ChIJB-1JM6bzNIgRRn6FvCK53_A,63
ChIJHQBwlonxNIgRTOQNz6y-EQ8,55
ChIJ_x6m61fxNIgROMgm77qPmLA,70
ChIJm1K7dBzxNIgRFN9OZA3iux4,70
ChIJyX5l6inyNIgRugEcIEyyBsw,81
ChIJNdDUQ4bxNIgR2pI0nwllfhA,71
ChIJt1kaeofxNIgRbehlt6g1Vws,78
ChIJXfP-3KnxNIgRbfS-nbxWS3o,79
ChIJZ_i-97XxNIgRo3cA0PG1Aqg,72
ChIJ7-9LLKPxNIgRrpO2_kcg7oY,72
ChIJsVBcN5PxNIgRqvdo84ea2P8,25
ChIJuVxT6YjxNIgRb0c0GvhIJmU,25
ChIJ-Qt5VYfxNIgRDVs2PgNZEck,79
ChIJv5mJO3TxNIgR2-U7O-0raig,62
ChIJczcZdHbxNIgR851UGvycI3I,50
ChIJ3W48jHXxNIgRzYewBlf_lCA,44
ChIJMZ6aegfxNIgRlG2XPGR2rrY,51
ChIJFRFbt3bxNIgR0M9SxAMqRzg,62
ChIJ9-KQqu3xNIgRQjuwNnAw5jE,37
ChIJ9dZ5RtHxNIgRXQx0R-kiUow,40
ChIJd6RZuLfxNIgRHJT0cLCd33E,42
ChIJT20LZP_xNIgRfXSxvCBARgI,56
ChIJwRWXX97xNIgRt99JPMbLo5k,12
ChIJjUAiVXTuNIgRx_uIV_2oEws,1
ChIJj4vndd7xNIgRMlzZaluZb7Q,18
ChIJjZks6gbtNIgR3J6z3f6RvZQ,34
ChIJXRrgsujtNIgRWwtHCcC6TG0,52
ChIJGW1mL8TtNIgROt0MXN9urkw,93
ChIJneaRNSbtNIgR26Bot7Ibklw,73
ChIJzWytUezwNIgRofWfXWmeGHs,28
ChIJF8gWyH_yNIgR54cOZfU6tXw,30
ChIJxVd0I2ntNIgR0HWArl8uf3s,12
ChIJF2TjvX_yNIgR2rajP8TTCM0,31
ChIJK1hW6YTyNIgRTqozUZYSdHw,11
ChIJ3eJzZoTyNIgRFwR6eZysncc,15
ChIJg0PTuiLzNIgRZiDiEC0UMCM,31
ChIJzRu8mX_yNIgRIXXPzSRbLMU,31
ChIJl9Idur_tNIgRC4qSnGye370,11
ChIJtT84-2nyNIgRtZthPxJLhFc,81
ChIJNS-HZW7yNIgRosFKSl6w4L4,110
ChIJzaNUQ2nyNIgRJMi6ohsLTuQ,80
ChIJOwT0MkLyNIgRkWGbjvbtOM8,74
ChIJY4jK0PfzNIgRWbcs3fOumtI,81
ChIJib1zoUDyNIgRjs5lzRvptV4,89
ChIJ17qAEELyNIgRuOAM6Sm8NMs,77
ChIJ7-YJEEfyNIgRO0lw1eHhKwM,81
ChIJGWJzfQTzNIgRpdrWYW3X534,78
ChIJkSEzAHnzNIgRjZOxPJSd_2w,107
ChIJnetrqnTyNIgR7bt3L49RUTM,89
ChIJ6YWR1gzyNIgRUf4PpzogNBw,97
ChIJ7Z3q5z_yNIgRPjNpFPCbwh8,92
ChIJSUfZOQ3yNIgRTdo2R99Rk0Y,95
ChIJ4aDOY2ryNIgRcjgyna2jC4s,85
ChIJ_xbBinPyNIgR5I6bKzW6Xc4,96
ChIJAZBTnjPtNIgRatsp-ZwuOMU,30
ChIJ_woa_lzzNIgRPKXB29y4pG0,61
ChIJLy7o3xDyNIgR-cB2KQN8G9I,59
ChIJC5P7sxHyNIgR6IoKrVoD-QY,57
ChIJa-FPHBHyNIgRVC5VMamD3vw,59
ChIJK0aB_hDyNIgRZTfaR-B3Ja4,61
ChIJb7SKCr3zNIgRuElCmbxa6BM,57
ChIJwb_5sRHyNIgR3BQjpqxJpxU,60
ChIJn4O9qBHyNIgRc9dX4Aodfz8,59
ChIJ4YqBhhXyNIgR6RZeY4TH8Us,75
ChIJf1H49KXzNIgR-I5Odjiw84w,69
ChIJebeZTHLzNIgRyziDyvkn5nQ,61
ChIJp_sbrxHyNIgRJSCP_0F4rSE,60
ChIJQ86AALDzNIgRx3FrHBuHwfQ,73
ChIJNfUt57vzNIgR-JxNmrSoOmU,69
ChIJ5R6OJibzNIgRj7PaeC0EYeE,60
ChIJ9Q-zXVPzNIgRxMq2OYHXA-k,59
ChIJfcIfgRTyNIgRlnaFPGmBSX0,70
ChIJqSoSWE3zNIgRC5ZZW-O1ZRI,79
ChIJp_sbrxHyNIgRy4d_3ltvJfA,60
ChIJ2YCjHxPyNIgRx9QebVCaHiI,92
ChIJiYlvLxHyNIgR0Zqr20MbZ9Q,60
ChIJV2sb0hDyNIgRUE0eUaaDj6o,62
ChIJZ3KkqdDzNIgRCD7wfJUWqAM,24
ChIJQ4p9cSzzNIgRUCflMiwYVNQ,15
ChIJlV4y5yHyNIgRaaYa1zk7vYw,24
ChIJz3eMvGyKNIgR4IB0zeYZy-M,60
ChIJLxnwlKrzNIgRtueHT9PHFn4,15
ChIJhQOupibyNIgReBoACHik1Jw,59
ChIJ_ZmkglLyNIgRp90B8NkqLPE,73
ChIJ2Tf5pCnyNIgRyENX85bm4pE,76
ChIJj8asgjHxNIgRF8MtNqy8v8U,37
ChIJffNccebxNIgR9JGg-4HwhFk,40
ChIJLd3F_PzxNIgRDq8xAmHQ18Q,50
ChIJfWX-mf7xNIgRE9ZKdBmUiFE,58
ChIJg4iqU1zxNIgRpPPslHG6YxA,59
ChIJHaUunP7xNIgRxkzGYOAIs3s,58
ChIJz2YHEADyNIgR3i06eMICpDM,51
ChIJt4iTxpPxNIgR48jSGmbEhCI,58
ChIJjWC6Ef_xNIgRyJodJrEpjAc,60
ChIJVVVJhf7xNIgRO6i9n8IDVUk,58
ChIJl-ia3d3xNIgRgi7ZuCdv5AQ,18
ChIJR0IGCADyNIgRvOjy0MNoRTs,50
ChIJ-7t67_7xNIgRT00uAV8ynN4,58
ChIJF8MtFMLxNIgRon3pDMIjAhE,58
ChIJo4Minv7xNIgRVktnEAAFCBU,58
ChIJdyHrh97xNIgRhSG-7v6c1So,18
ChIJWSLuPqHzNIgRPwtYJJ0MS6E,30
ChIJvTL5iH_yNIgRdO6KVGjHGXM,30
ChIJE5YAUp3yNIgRIJAi9h5VJmc,8
ChIJG4Wlv3_yNIgRD72vwwni040,31
ChIJ_86ohnTyNIgRr-dolrlyapI,87
ChIJwTXFF1bzNIgRBtuoDvqaDAk,90
ChIJPWcNTYrzNIgR37erh1gupOE,91
ChIJBcn2m7LzNIgR9TG_cGShmus,90
ChIJDbCnsZnzNIgRiHI_XTdUWL0,92
ChIJq6pueXPyNIgR_3Td6iT1jtw,90
ChIJta2mTC3zNIgRWWrI37jfR6Y,88
ChIJT2aefnPyNIgRQ5S7I37vdJo,90
ChIJyZk6TnTuNIgRYkbnt5HepOA,89
ChIJuR3d3OrzNIgRjtHbCef0GP0,103
ChIJ2U961ErzNIgR_Q6HvAae7_s,103
ChIJibTcXnTyNIgRGUl5vW35uPU,87
ChIJfwD2p3PyNIgRvbg2tg__Oz8,103
ChIJV7Ep6nbyNIgRZRxAbwKeAF8,94
ChIJmWLN6GnzNIgRo8_Bfz1dHAw,100
ChIJAZ2LBnTyNIgRuOijoRkjvzI,97
ChIJtfj1dHTyNIgRufxtaSnXwO4,95
ChIJRfuKPGnzNIgR_18jx90DqIk,90
ChIJeYLZfXPyNIgRWDOFw-mvS9g,88
ChIJJ5Vo3wXzNIgR5dwpSgzW7_I,96
ChIJr9grg3TyNIgRDTLMzxnA_QY,89
ChIJ85r6U3PyNIgRShRo4vMObTI,91
ChIJk3ZweXPyNIgR8yU9fdW2sAE,90
ChIJFZFaXXPyNIgRqHdSvWV0XJE,94
ChIJcUkTqHTyNIgRLy_IP94UFBA,86
ChIJWQh7rAzyNIgR2SmJQjW3nAs,90
ChIJf8-9UXPyNIgR0MoGEhLB1VY,90
ChIJgRGc7WXuNIgRWWuiWGKgCI4,83
ChIJ-xSPSIvtNIgROIxeTVTEcqM,73
ChIJqb4DQg3yNIgRyPkcGL6oQko,93
ChIJ5ZgTcwfzNIgRK-c2BoTZ9vc,81
ChIJ4y5iaA3yNIgRlveZw8ch5ew,95
ChIJDRzTaXTyNIgRr-Lofpxky2w,93
ChIJJyuhq3XyNIgRWy9Y9vlV3Oc,95
ChIJK7NDJ3PyNIgRnm1MTAat90w,106
ChIJWXZrWqXtNIgRm2RPZqg8R8I,69
ChIJVdUuLdXzNIgRvALLqvy_rwY,88
ChIJ1UhbPQjzNIgRHEWiUMjOknk,80
ChIJ7Z96hYTyNIgRYGJl3swgnp4,72
ChIJEfGbKwDyNIgR-iKYm8ZnK9U,51
ChIJt-D2X5_zNIgRz9ps_RHI-Og,52
ChIJz1h41wHyNIgR0AVlKsbGd4k,55
ChIJWzNtxbfzNIgRJXA9L56crus,51
ChIJ2TLs4XTxNIgRdosg14v5Zbk,58
ChIJ2bCX4u3zNIgRffs3LXEuos4,51
ChIJpZy2hejzNIgRQwot09jRySs,51
ChIJ3TSizQHyNIgR7BC1XJB1zFE,53
ChIJc7q2DTvxNIgR5K3SOPvVKUw,56
ChIJB8xjqIDzNIgRMVrLT_jOZfw,51
ChIJl_sqJADyNIgRQFP6M9vWblk,51
ChIJdeLTv07xNIgRX9CnXW42LYE,57
ChIJU-45Yv_xNIgRciJEiRDX_LU,56
ChIJwy6Z7v7xNIgRVHQFJTCXZIA,58
ChIJXR5HGADyNIgRlG94zJiYKZE,51
ChIJPUJMmf7xNIgRGE-k0pnaxro,58
ChIJS4w6F__xNIgRHBCgNlvm6hY,60
ChIJY7-zEQDyNIgRnr2vhjLZ77w,51
ChIJ-041qUrxNIgRJhS5iBmhLnI,58
ChIJY8Gdq2_zNIgRAa39P2rQJc8,52
ChIJuyHL7f7xNIgREhCvl94Nmp8,58
ChIJO1Y0l_7xNIgRD-FhmdnGPsA,58
ChIJNVsfYR_yNIgR4lHAYMWATb0,18
ChIJo8aPmf7xNIgRV9yjm17UQt0,58
ChIJleE02AHyNIgRsQ8kBSbcncw,56
ChIJe94cciLyNIgRdN_PX7Lnl18,35
ChIJy4AT9-LxNIgRZyAiiPJU6xo,58
ChIJ6WqCYf_xNIgRLF0LEZn2XH0,55
ChIJr5-PxPTzNIgRQkBX3TxkspU,51
ChIJ_TOmxfbtNIgREOzdauNQIus,30
ChIJxYa44v7xNIgRM0tbj-YIWG4,57
ChIJa2ZLkf7xNIgR0T4Mb28ngVY,58
ChIJ5zBe-P_tNIgRMzm5yHn9g0k,51
ChIJUWlACQDyNIgREUt5L5b1ccw,51
ChIJW4mbBNjzNIgRYmFrVv01reY,51
ChIJq2y5XPzxNIgR6am_dkfqh2c,57
ChIJh9UePtzzNIgRsWPBOb3uS9w,55
ChIJMaOoKfDxNIgRRtdwslgnQNY,58
ChIJOYLk35jzNIgR3SDcof8vRuY,52
ChIJ1UtXA63xNIgR-QiZCuSxq9k,56
ChIJKz22Ah_yNIgRbiYIedRcemI,16
ChIJG-eFCADyNIgRTaCHY2zqm1w,51
ChIJW8ApajbvNIgRQ9loNp2N3zc,2
ChIJCed4bubxNIgRlp7B_7Fdqw0,37
ChIJMeFNAFnxNIgR62Y1n_exNUU,2
ChIJOby4E-TvNIgRWcjBLfHJ-S4,11
ChIJ3TjCauTvNIgRdCnTzbVhSKM,11
ChIJ4fyYe8PtNIgRVpy6iAusL60,15
ChIJe59DvhPtNIgRQHy359SGF0E,15
ChIJf3pm97XsNIgRAK5HRi4gYrE,15
ChIJyQ0Jh3XyNIgRqa_YXoFXgkY,88
ChIJDfC91HLzNIgRArtzxCsywto,103
ChIJw6fvbfbtNIgRqWTFkxKrJTE,72
ChIJFTbxe8TtNIgRad8ZhAxxCww,75
ChIJ_YiyhabtNIgRbCv35jqJfJ0,73
ChIJR2-dnCrtNIgR6a9zwrmhq6I,73
ChIJl-J-t4rtNIgRpEmEk601GX8,85
ChIJmccYg5LtNIgR2eNthmMJg_g,78
ChIJVwsiqHTyNIgRA4eK4lD0_PM,86
ChIJZU5v0vbtNIgRMii7ACbO6JI,30
ChIJ63Fc-0vtNIgRw2glXcAQpoA,73
ChIJraxyITztNIgRGBukmraKAgU,73
ChIJOR25pQzyNIgRs3ph0-Be0BQ,90
ChIJ9TDbxYrtNIgRObPCSOgy3AE,86
ChIJ8dgFY__xNIgRCzjxWltwItw,55
ChIJf6kfwMLtNIgRXT8RnzFUh9s,2
ChIJ24QQrXXuNIgRBYsiNnow9JA,2
ChIJT2VbCRvvNIgRmRFQP6K9iXw,2
ChIJB3sjdsfsNIgR2rV5Lh1JcBI,15
ChIJYbWigLXsNIgRVKwrXkzaj8g,15
ChIJzd4VsErtNIgRHQa3VqDnbgI,14
ChIJeSSmJRLtNIgRBOgP766JQ7I,15
ChIJhQxuGDaTNIgRooR0K7xcCc4,14
ChIJ13K0kUDtNIgRBTZWdoV4cDE,15
ChIJ-d12ncfsNIgRdZGi3XtccTQ,15
ChIJKYxxdsfsNIgRZsmnJBFzihQ,15
ChIJQ06KcDWTNIgR_KOB-hCyPO8,15
ChIJMzWYo7TtNIgRJKRSaMn2IvY,33
ChIJweotuhHtNIgRWG1WxQOvrtI,15
ChIJcyYHp8rsNIgRHsRu6o0h96k,15
ChIJSxg7nsfsNIgROL-GRoQfvWM,15
ChIJy6fvtQntNIgRbwV3UV3y9jQ,87
ChIJtfL375LtNIgRoaRaH6Jvl7A,82
ChIJzwyZddvtNIgRs4e3uCsS1-s,112
ChIJ8YKHuArtNIgR-agLYrZ00-0,127
ChIJOUrEhvftNIgRExY3TbnV6-Y,77
ChIJhy57tOntNIgROFIEFKXVngs,77
ChIJq1hYRLHtNIgRdCtW_bZslaA,25
ChIJV6x6LsHtNIgRwp7VohSDHT4,119
ChIJhf_eEmztNIgRtb3sUYxdgag,25
ChIJx5twJ2zzNIgROW-CtRhUKys,51
ChIJBXsjpODtNIgRG6z6bTSjwNc,25
ChIJd6t7bKjtNIgRHcA-CrxDtDw,25
ChIJhZT5r9XtNIgRoapjTzxiSk8,93
ChIJUb5wEu3tNIgRivUh-Ckdlo4,73
ChIJ124PqiPtNIgRA-U3vYMZElE,78
ChIJLwMVDMbtNIgRBz19z_C0Gr4,92
ChIJYX8MOr_tNIgRy3u8brxJ7Vc,115
ChIJqXr2PsPtNIgRwLgSS75mbwg,55
ChIJX8zp4sLtNIgR-Y_LhQ6wDe0,71
ChIJN3RDUXTuNIgR6nGsrFqr8E8,1
ChIJ0VPq8RvtNIgRj5Ga8BZOeHA,14
ChIJP-ftn8rsNIgRKFmLqVQEOs4,15
ChIJmQXUvBHtNIgRx7a8ckWj4Xo,15
